,age,careAddr,careNm,careTel,chargeNm,colorCd,desertionNo,filename,happenDt,happenPlace,kindCd,neuterYn,noticeEdt,noticeNo,noticeSdt,officetel,orgNm,popfile,processState,sexCd,specialMark,weight
0,2014(년생),세종특별자치시  장군면 장척로 274 (장군면) 리얼펫동물병원,리얼펫동물병원,044-864-7579,농업축산과,실버탭,469569201800524,http://www.animal.go.kr/files/shelter/2018/10/201811071111344_s.jpg,20181106,조치원 다원 파크리안,[고양이] 페르시안-페프시안 친칠라,N,20181119,세종-세종-2018-00341,20181107,044-300-4447,세종특별자치시,http://www.animal.go.kr/files/shelter/2018/10/201811071111344.jpg,보호중,M,가위 미용 흔적,4(Kg)
1,2016(년생),세종특별자치시  장군면 장척로 274 (장군면) 리얼펫동물병원,리얼펫동물병원,044-864-7579,농업축산과,갈색,469569201800523,http://www.animal.go.kr/files/shelter/2018/10/201811071111411_s.jpg,20181106,부강119 근방,[개] 믹스견,N,20181119,세종-세종-2018-00340,20181107,044-300-4447,세종특별자치시,http://www.animal.go.kr/files/shelter/2018/10/201811071111411.jpg,보호중,M,가슴과 목에 흰털. 치아와 닮음,2.9(Kg)
2,2016(년생),세종특별자치시  장군면 장척로 274 (장군면) 리얼펫동물병원,리얼펫동물병원,044-864-7579,농업축산과,애플,469569201800522,http://www.animal.go.kr/files/shelter/2018/10/201811071111104_s.jpg,20181106,장군면 밤실길,[개] 푸들,N,20181119,세종-세종-2018-00339,20181107,044-300-4447,세종특별자치시,http://www.animal.go.kr/files/shelter/2018/10/201811071111104.jpg,보호중,F,최근 미용함. 사람 좋아함,3.7(Kg)
3,2018(년생),제주특별자치도 제주시 첨단동길 184-14 (용강동),제주유기동물보호센터,064-710-4067,,갈색,450650201806574,http://www.animal.go.kr/files/shelter/2018/10/201811071011232_s.jpg,20181106,제주시 애월읍 장전리 389-5,[개] 믹스견,N,20181119,제주-제주-2018-05927,20181107,,제주특별자치도,http://www.animal.go.kr/files/shelter/2018/10/201811071011232.jpg,보호중,M,(개체관리번호 5892) 생후5개월,7.7(Kg)
4,2018(년생),제주특별자치도 제주시 첨단동길 184-14 (용강동),제주유기동물보호센터,064-710-4067,,갈색,450650201806573,http://www.animal.go.kr/files/shelter/2018/10/201811071011504_s.jpg,20181106,제주시 애월읍 납읍리 839,[개] 믹스견,N,20181119,제주-제주-2018-05926,20181107,,제주특별자치도,http://www.animal.go.kr/files/shelter/2018/10/201811071011504.jpg,보호중,M,(개체관리번호 5891) 생후5개월,9(Kg)
5,2016(년생),제주특별자치도 제주시 첨단동길 184-14 (용강동),제주유기동물보호센터,064-710-4067,,흰색,450650201806572,http://www.animal.go.kr/files/shelter/2018/10/201811071011138_s.jpg,20181106,제주시 애월읍 납읍리 839,[개] 믹스견,N,20181119,제주-제주-2018-05925,20181107,,제주특별자치도,http://www.animal.go.kr/files/shelter/2018/10/201811071011138.jpg,보호중,M,"(개체관리번호 5890) 초록/노랑 목줄 착용, 경계심 강함",12(Kg)
6,2017(년생),제주특별자치도 제주시 첨단동길 184-14 (용강동),제주유기동물보호센터,064-710-4067,,흰/갈/검,450650201806571,http://www.animal.go.kr/files/shelter/2018/10/201811071011655_s.jpg,20181106,제주시 한천초 인근,[개] 비글,N,20181119,제주-제주-2018-05924,20181107,,제주특별자치도,http://www.animal.go.kr/files/shelter/2018/10/201811071011655.jpg,보호중,F,(개체관리번호 5889),8(Kg)
7,2017(년생),제주특별자치도 제주시 첨단동길 184-14 (용강동),제주유기동물보호센터,064-710-4067,,검정,450650201806570,http://www.animal.go.kr/files/shelter/2018/10/201811071011407_s.jpg,20181106,제주시 한경면 명이5길 138,[개] 믹스견,N,20181119,제주-제주-2018-05923,20181107,,제주특별자치도,http://www.animal.go.kr/files/shelter/2018/10/201811071011407.jpg,보호중,M,"(개체관리번호 5888) 낡은 갈색목줄 착용, 배,발부분 흰색 털",28(Kg)
8,2018(년생),제주특별자치도 제주시 첨단동길 184-14 (용강동),제주유기동물보호센터,064-710-4067,,갈색,450650201806569,http://www.animal.go.kr/files/shelter/2018/10/201811071011941_s.jpg,20181106,제주시 한림읍 오로라정원,[개] 믹스견,N,20181119,제주-제주-2018-05922,20181107,,제주특별자치도,http://www.animal.go.kr/files/shelter/2018/10/201811071011941.jpg,보호중,F,(개체관리번호 5887) 생후2개월,2.6(Kg)
9,2018(년생),제주특별자치도 제주시 첨단동길 184-14 (용강동),제주유기동물보호센터,064-710-4067,,갈색,450650201806568,http://www.animal.go.kr/files/shelter/2018/10/201811071011163_s.jpg,20181106,제주시 조천14길 7-2,[개] 골든 리트리버,N,20181119,제주-제주-2018-05921,20181107,,제주특별자치도,http://www.animal.go.kr/files/shelter/2018/10/201811071011163.jpg,보호중,M,"(개체관리번호 5886) 생후4개월, 빨강목줄 착용",8.6(Kg)
10,2018(년생),제주특별자치도 제주시 첨단동길 184-14 (용강동),제주유기동물보호센터,064-710-4067,,흰색,450650201806567,http://www.animal.go.kr/files/shelter/2018/10/201811071011708_s.jpg,20181106,서귀포시 516로 65,[개] 믹스견,N,20181119,제주-제주-2018-05920,20181107,,제주특별자치도,http://www.animal.go.kr/files/shelter/2018/10/201811071011708.jpg,보호중,F,(개체관리번호 5885) 생후3개월,3.5(Kg)
11,2018(년생),제주특별자치도 제주시 첨단동길 184-14 (용강동),제주유기동물보호센터,064-710-4067,,갈색,450650201806566,http://www.animal.go.kr/files/shelter/2018/10/201811071011348_s.jpg,20181106,서귀포시 516로 65,[개] 믹스견,N,20181119,제주-제주-2018-05919,20181107,,제주특별자치도,http://www.animal.go.kr/files/shelter/2018/10/201811071011348.jpg,보호중,M,(개체관리번호 5884) 생후10개월,17(Kg)
12,2018(년생),제주특별자치도 제주시 첨단동길 184-14 (용강동),제주유기동물보호센터,064-710-4067,,흰색,450650201806565,http://www.animal.go.kr/files/shelter/2018/10/201811071011116_s.jpg,20181106,서귀포시 도순동 1303 삼일산장농원,[개] 믹스견,N,20181119,제주-제주-2018-05918,20181107,,제주특별자치도,http://www.animal.go.kr/files/shelter/2018/10/201811071011116.jpg,보호중,M,(개체관리번호 5883) 생후11개월,17(Kg)
13,2018(년생),제주특별자치도 제주시 첨단동길 184-14 (용강동),제주유기동물보호센터,064-710-4067,,흰색,450650201806564,http://www.animal.go.kr/files/shelter/2018/10/201811071011750_s.jpg,20181106,서귀포시 표선면 세성로212번길 81-20,[개] 믹스견,N,20181119,제주-제주-2018-05917,20181107,,제주특별자치도,http://www.animal.go.kr/files/shelter/2018/10/201811071011750.jpg,보호중,M,(개체관리번호 5882) 생후3개월,5.1(Kg)
14,2018(년생),제주특별자치도 제주시 첨단동길 184-14 (용강동),제주유기동물보호센터,064-710-4067,,흰색,450650201806563,http://www.animal.go.kr/files/shelter/2018/10/201811071011514_s.jpg,20181106,서귀포시 표선면 세성로212번길 81-20,[개] 믹스견,N,20181119,제주-제주-2018-05916,20181107,,제주특별자치도,http://www.animal.go.kr/files/shelter/2018/10/201811071011514.jpg,보호중,M,(개체관리번호 5881) 생후3개월,5(Kg)
15,2018(년생),제주특별자치도 제주시 첨단동길 184-14 (용강동),제주유기동물보호센터,064-710-4067,,검정,450650201806562,http://www.animal.go.kr/files/shelter/2018/10/201811071011120_s.jpg,20181106,서귀포시 표선면 세성로212번길 81-20,[개] 믹스견,N,20181119,제주-제주-2018-05915,20181107,,제주특별자치도,http://www.animal.go.kr/files/shelter/2018/10/201811071011120.jpg,보호중,M,(개체관리번호 5880) 생후3개월,2.5(Kg)
16,2018(년생),제주특별자치도 제주시 첨단동길 184-14 (용강동),제주유기동물보호센터,064-710-4067,,검정,450650201806561,http://www.animal.go.kr/files/shelter/2018/10/201811071011595_s.jpg,20181106,서귀포시 표선면 세성로212번길 81-20,[개] 믹스견,N,20181119,제주-제주-2018-05914,20181107,,제주특별자치도,http://www.animal.go.kr/files/shelter/2018/10/201811071011595.jpg,보호중,M,(개체관리번호 5879) 생후3개월,4.4(Kg)
17,2018(년생),제주특별자치도 제주시 첨단동길 184-14 (용강동),제주유기동물보호센터,064-710-4067,,검정,450650201806560,http://www.animal.go.kr/files/shelter/2018/10/201811071011732_s.jpg,20181106,서귀포시 표선면 세성로212번길 81-20,[개] 믹스견,N,20181119,제주-제주-2018-05913,20181107,,제주특별자치도,http://www.animal.go.kr/files/shelter/2018/10/201811071011732.jpg,보호중,M,(개체관리번호 5878) 생후3개월,3(Kg)
18,2018(년생),제주특별자치도 제주시 첨단동길 184-14 (용강동),제주유기동물보호센터,064-710-4067,,검정,450650201806559,http://www.animal.go.kr/files/shelter/2018/10/201811071011834_s.jpg,20181106,서귀포시 표선면 세성로212번길 81-20,[개] 믹스견,N,20181119,제주-제주-2018-05912,20181107,,제주특별자치도,http://www.animal.go.kr/files/shelter/2018/10/201811071011834.jpg,보호중,F,(개체관리번호 5877) 생후3개월,4(Kg)
19,2015(년생),제주특별자치도 제주시 첨단동길 184-14 (용강동),제주유기동물보호센터,064-710-4067,,흰/검,450650201806558,http://www.animal.go.kr/files/shelter/2018/10/201811071011188_s.jpg,20181106,서귀포시 하원북로 194-60,[개] 믹스견,N,20181119,제주-제주-2018-05911,20181107,,제주특별자치도,http://www.animal.go.kr/files/shelter/2018/10/201811071011188.jpg,보호중,M,(개체관리번호 5876) 갈색 가죽목줄 착용,12(Kg)
20,2018(년생),"경상남도 창원시 의창구 창이대로 71 (명서동, 창원시농업기술센터) 창원지도과",창원유기동물보호소,055-225-5541,의창성산구,흰색,448567201801128,http://www.animal.go.kr/files/shelter/2018/10/201811070811935_s.jpg,20181106,의창구 대산면 우암초등학교 옆 수로 내,[개] 믹스견,N,20181115,경남-창원1-2018-00905,20181107,055-225-5543,경상남도 창원시 의창성산구,http://www.animal.go.kr/files/shelter/2018/10/201811070811935.jpg,보호중,F,H-11-1-15-2  흰색. 피부병. 까칠함,2.1(Kg)
21,2018(년생),"경상남도 창원시 의창구 창이대로 71 (명서동, 창원시농업기술센터) 창원지도과",창원유기동물보호소,055-225-5541,의창성산구,흰색,448567201801127,http://www.animal.go.kr/files/shelter/2018/10/201811070811149_s.jpg,20181106,의창구 대산면 우암초등학교 옆 수로 내,[개] 믹스견,N,20181115,경남-창원1-2018-00904,20181107,055-225-5543,경상남도 창원시 의창성산구,http://www.animal.go.kr/files/shelter/2018/10/201811070811149.jpg,보호중,M,H-11-1-15-1  흰색. 피부병. 까칠함,2.5(Kg)
22,2018(년생),"경상남도 거창군 거창읍 거창대로 13-2 (거창읍, 칠성슈퍼)",나래동물병원,055-942-8875,거창군,갈색,448547201800340,http://www.animal.go.kr/files/shelter/2018/10/201811062111826_s.jpg,20181106,거창읍사무소 부근,[개] 믹스견,N,20181119,경남-거창-2018-00341,20181107,055-940-8140,경상남도 거창군,http://www.animal.go.kr/files/shelter/2018/10/201811062111826.jpg,보호중,M,"온순함, 4개월 가량 강아지",4(Kg)
23,2018(년생),경상남도 함양군 수동면 변동3길 6-2 (수동면),중앙동물병원,055-963-7615,정순우,"갈색, 검정",448546201800147,http://www.animal.go.kr/files/shelter/2018/10/201811062111807_s.jpg,20181106,함양읍 이은리,[개] 믹스견,N,20181119,경남-함양-2018-00144,20181107,055-960-5244,경상남도 함양군,http://www.animal.go.kr/files/shelter/2018/10/201811062111807.jpg,보호중,M,두 마리가 같이 발견되었으며 비교적 건강상태 양호하며 사람을 잘 따름.,1.5(Kg)
24,2018(년생),경상남도 함양군 수동면 변동3길 6-2 (수동면),중앙동물병원,055-963-7615,정순우,"갈색, 검정",448546201800146,http://www.animal.go.kr/files/shelter/2018/10/201811062111918_s.jpg,20181106,함양읍 이은리,[개] 믹스견,N,20181119,경남-함양-2018-00143,20181107,055-960-5244,경상남도 함양군,http://www.animal.go.kr/files/shelter/2018/10/201811062111918.jpg,보호중,M,두 마리가 같이 발견되었으며 비교적 건강상태 양호하며 사람을 잘 따름.,1.5(Kg)
25,2014(년생),경상남도 함양군 수동면 변동3길 6-2 (수동면),중앙동물병원,055-963-7615,정순우,"갈색, 흰색",448546201800145,http://www.animal.go.kr/files/shelter/2018/10/201811062111247_s.jpg,20181106,휴천면,[개] 믹스견,N,20181119,경남-함양-2018-00142,20181107,055-960-5244,경상남도 함양군,http://www.animal.go.kr/files/shelter/2018/10/201811062111247.jpg,보호중,M,"건강상태 비교적 양호함, 모색은 전체적으로 황색을 띄며 귀가 접혀있는 모습",5(Kg)
26,2018(년생),경상남도 거제시 사등면 사곡리 375-1번지,거제시유기동물보호소,055-639-6368,이성민,갈색,448537201800893,http://www.animal.go.kr/files/shelter/2018/10/201811071211531_s.jpg,20181106,거제면 읍내로 2길 11-1,[개] 믹스견,N,20181119,경남-거제-2018-00895,20181107,055-639-6366,경상남도 거제시,http://www.animal.go.kr/files/shelter/2018/10/201811071211531.jpg,보호중,F,많이 말랐음,3(Kg)
27,2018(년생),경상남도 거제시 사등면 사곡리 375-1번지,거제시유기동물보호소,055-639-6368,이성민,검은색,448537201800892,http://www.animal.go.kr/files/shelter/2018/10/201811071211605_s.jpg,20181106,고현 아동병원밑 차도길,[개] 믹스견,N,20181119,경남-거제-2018-00894,20181107,055-639-6366,경상남도 거제시,http://www.animal.go.kr/files/shelter/2018/10/201811071211605.jpg,보호중,F,활발함,5(Kg)
28,2018(년생),경상남도 거제시 사등면 사곡리 375-1번지,거제시유기동물보호소,055-639-6368,이성민,검은색,448537201800891,http://www.animal.go.kr/files/shelter/2018/10/201811071211465_s.jpg,20181106,한솔 정형외과 골목안,[고양이] 기타,U,20181119,경남-거제-2018-00893,20181107,055-639-6366,경상남도 거제시,http://www.animal.go.kr/files/shelter/2018/10/201811071211465.jpg,보호중,M,허피스심함,2(Kg)
29,2018(년생),경상남도 거제시 사등면 사곡리 375-1번지,거제시유기동물보호소,055-639-6368,이성민,"흰색,갈색",448537201800890,http://www.animal.go.kr/files/shelter/2018/10/201811070911752_s.jpg,20181106,고현동 삼도아파트 재활용장,[고양이] 기타,U,20181119,경남-거제-2018-00892,20181107,055-639-6366,경상남도 거제시,http://www.animal.go.kr/files/shelter/2018/10/201811070911752.jpg,종료(자연사),Q,부상고양이,1(Kg)
30,2018(년생),부산광역시 강서구 가락대로1283번길 25-2 (봉림동) (사)유기동물및보호관리협회,유기동물및관리협회,051-971-6208,김해시,검갈색,448535201801172,http://www.animal.go.kr/files/shelter/2018/10/201811070911974_s.jpg,20181106,김해시 함박로 14,[고양이] 한국 고양이,N,20181119,경남-김해-2018-01154,20181107,055-330-4328,경상남도 김해시,http://www.animal.go.kr/files/shelter/2018/10/201811070911974.jpg,보호중,F,구조후 폐사,1.5(Kg)
31,2017(년생),부산광역시 강서구 가락대로1283번길 25-2 (봉림동) (사)유기동물및보호관리협회,유기동물및관리협회,051-971-6208,김해시,흰색,448535201801171,http://www.animal.go.kr/files/shelter/2018/10/201811070911692_s.jpg,20181106,김해시 진영읍 하계로 262-10,[개] 말티즈,U,20181119,경남-김해-2018-01153,20181107,055-330-4328,경상남도 김해시,http://www.animal.go.kr/files/shelter/2018/10/201811070911692.jpg,보호중,M,1살추정,2(Kg)
32,2017(년생),경상북도 영주시 장수면 반구리 16 영주시 동물보호센터 주소 : 영주시 장수면 반구리 407-8,영주시 동물보호센터,054-639-7354,영주시,"검정,황색",447509201800297,http://www.animal.go.kr/files/shelter/2018/10/201811061411663_s.jpg,20181106,영주시동물보호센터부근,[개] 믹스견,U,20181119,경북-영주-2018-00308,20181107,054-639-7592,경상북도 영주시,http://www.animal.go.kr/files/shelter/2018/10/201811061411663.jpg,보호중,F,발가락은 흰색,1.9(Kg)
33,2017(년생),경상북도 경주시 금성로 385 (성건동),가나동물병원,054-774-9975,경주시,화이트,447505201801364,http://www.animal.go.kr/files/shelter/2018/10/201811061711893_s.jpg,20181106,양남면 석촌리,[개] 포메라니안,U,20181119,경북-경주-2018-01075,20181107,054-779-6303,경상북도 경주시,http://www.animal.go.kr/files/shelter/2018/10/201811061711893.jpg,보호중,M,"우전지 교상, 출혈심함 (응급조치 시행) / 포메라니안 믹스",4(Kg)
34,2018(년생),전라북도 익산시 서동로42길 77 (용제동) 16통 1반,익산유기동물보호소,010-3659-2380,이성엽,흰색,445468201801160,http://www.animal.go.kr/files/shelter/2018/10/201811062211745_s.jpg,20181106,익산시동서로51길 바이크매니아,[개] 말티즈,N,20181119,전북-익산-2018-00937,20181107,063-859-5769,전라북도 익산시,http://www.animal.go.kr/files/shelter/2018/10/201811062211745.jpg,보호중,M,생후5개월정도 보라색염색도되여있으며 빨강색하네스옷도입고있음,2(Kg)
35,2016(년생),전라북도 익산시 서동로42길 77 (용제동) 16통 1반,익산유기동물보호소,010-3659-2380,이성엽,흰색,445468201801159,http://www.animal.go.kr/files/shelter/2018/10/201811062211568_s.jpg,20181106,익산시동산동주공아파트101동앞,[개] 믹스견,N,20181119,전북-익산-2018-00936,20181107,063-859-5769,전라북도 익산시,http://www.animal.go.kr/files/shelter/2018/10/201811062211568.jpg,보호중,M,발발이믹스개이며이쁘게생겼음,8(Kg)
36,2017(년생),전라북도 익산시 서동로42길 77 (용제동) 16통 1반,익산유기동물보호소,010-3659-2380,이성엽,베이지갈색,445468201801158,http://www.animal.go.kr/files/shelter/2018/10/201811062211151_s.jpg,20181106,익산시동산동휴먼시아3단지303동앞주차장,[개] 믹스견,N,20181119,전북-익산-2018-00935,20181107,063-859-5769,전라북도 익산시,http://www.animal.go.kr/files/shelter/2018/10/201811062211151.jpg,보호중,M,발발이믹스개이며 순함,7(Kg)
37,2018(년생),충청남도 아산시 둔포면 둔포로 33 (둔포면) 충청남도 아산시 염치읍 석정리 99-21,중부벳동물병원,041-533-3563,최현주,치즈,444452201801107,http://www.animal.go.kr/files/shelter/2018/10/20181107131122_s.jpg,20181106,34번국도 천안에서 둔포방향,[고양이] 한국 고양이,N,20181116,충남-아산-2018-00996,20181107,041-537-3831,충청남도 아산시,http://www.animal.go.kr/files/shelter/2018/10/20181107131122.jpg,보호중,M,1108호(관리) 996호(공고)2개월령. 도로에 어린고양이 방치됨. 혈변증세 보임,0.5(Kg)
38,2017(년생),충청남도 아산시 둔포면 둔포로 33 (둔포면) 충청남도 아산시 염치읍 석정리 99-21,중부벳동물병원,041-533-3563,최현주,흰색,444452201801106,http://www.animal.go.kr/files/shelter/2018/10/201811061411787[1]_s.jpg,20181106,아산시 풍기동,[개] 믹스견,N,20181116,충남-아산-2018-00995,20181107,041-537-3831,충청남도 아산시,http://www.animal.go.kr/files/shelter/2018/10/201811061411787[1].jpg,종료(반환),M,1106호(관리) 995호(공고) 착하고 순함.,20(Kg)
39,2017(년생),충청북도 증평군 도안면 입장길 239 (도안면),괴산증평동물보호센터,010-3169-1151,이제훈,흰색,443446201800121,http://www.animal.go.kr/files/shelter/2018/10/201811071011237_s.jpg,20181106,괴산군 청안면 효근5길35-53,[개] 믹스견,N,20181121,충북-괴산-2018-00120,20181107,043-830-3232,충청북도 괴산군,http://www.animal.go.kr/files/shelter/2018/10/201811071011237.jpg,보호중,M,사람을 경계하고 잘 따르지않음,15(Kg)
40,2018(년생),"강원도 강릉시 성산면 내맬길 172 (성산면, 유기동물보호소)",강릉시 동물보호소,033-641-7515,전찬,연갈색,442420201800706,http://www.animal.go.kr/files/shelter/2018/10/20181107121158_s.jpg,20181106,경포중학교 앞,[개] 골든 리트리버,N,20181119,강원-강릉-2018-00708,20181107,033-640-5591,강원도 강릉시,http://www.animal.go.kr/files/shelter/2018/10/20181107121158.jpg,보호중,F,목줄없이발견 온순함,7.4(Kg)
41,2011(년생),울산광역시 울주군 온양읍 발리 1144,울산유기동물보호센터,052-238-6113,연성우,투톤,431373201800842,http://www.animal.go.kr/files/shelter/2018/10/201811071411136_s.jpg,20181106,온양읍대우아파트단지내,[개] 시츄,U,20181119,울산-울주-2018-00636,20181107,052-204-1634,울산광역시 울주군,http://www.animal.go.kr/files/shelter/2018/10/201811071411136.jpg,보호중,F,자가미용 털짧은상태 눈상태안좋음,5.1(Kg)
42,2017(년생),울산광역시 울주군 온양읍 화산발리로 543 (온양읍),울산유기동물보호센터,052-238-6113,이경민(중구청),흰색,431369201800469,http://www.animal.go.kr/files/shelter/2018/10/201811071111779_s.jpg,20181106,태화동 십리대밭길 산책로,[개] 진도견,N,20181119,울산-중구-2018-00425,20181107,052-290-3332,울산광역시 중구,http://www.animal.go.kr/files/shelter/2018/10/201811071111779.jpg,보호중,M,초크체인착용 사람에게 온순함 눈위상처 야위었음,16(Kg)
43,2012(년생),대전광역시 유성구 갑동로15번길 20-39 (갑동) 대전동물보호센터,대전동물보호센터,042-825-1118,민규홍,흑백,430367201801224,http://www.animal.go.kr/files/shelter/2018/10/201811071311553_s.jpg,20181106,대전광역시 유성구 원내동 진잠타운@ 인근,[개] 치와와,U,20181119,대전-유성-2018-01237,20181107,042-611-2696,대전광역시 유성구,http://www.animal.go.kr/files/shelter/2018/10/201811071311553.jpg,보호중,F,특징없음,2.00(Kg)
44,2018(년생),대전광역시 유성구 갑동로15번길 20-39 (갑동) 대전동물보호센터,대전동물보호센터,042-825-1118,민규홍,황백,430367201801223,http://www.animal.go.kr/files/shelter/2018/10/201811071311215_s.jpg,20181106,대전광역시 유성구 교촌동 644-9 몬스터카센터 내,[고양이] 한국 고양이,U,20181119,대전-유성-2018-01236,20181107,042-611-2696,대전광역시 유성구,http://www.animal.go.kr/files/shelter/2018/10/201811071311215.jpg,보호중,M,상태불량,0.70(Kg)
45,2018(년생),대전광역시 유성구 갑동로15번길 20-39 (갑동),대전동물보호센터,042-825-1118,조원배,회백,430365201800849,http://www.animal.go.kr/files/shelter/2018/10/20181107091147_s.jpg,20181106,선화동 136-11번지 주변,[고양이] 코숏,U,20181119,대전-중구-2018-00772,20181107,042-606-6553,대전광역시 중구,http://www.animal.go.kr/files/shelter/2018/10/20181107091147.jpg,보호중,Q,",",0.15(Kg)
46,2016(년생),대전광역시 유성구 갑동로15번길 20-39 (갑동),대전동물보호센터,042-825-1118,조원배,백,430365201800848,http://www.animal.go.kr/files/shelter/2018/10/201811070911817_s.jpg,20181106,선화동 108-15번지 주변,[고양이] 터키시 앙고라,U,20181119,대전-중구-2018-00771,20181107,042-606-6553,대전광역시 중구,http://www.animal.go.kr/files/shelter/2018/10/201811070911817.jpg,보호중,Q,",",3.00(Kg)
47,2016(년생),"광주광역시 북구 본촌마을길 25 (본촌동, 건국동사무소) 광주 동물보호소",광주 동물보호소,062-571-2808,동구,흰,429359201800370,http://www.animal.go.kr/files/shelter/2018/10/201811061611799_s.jpg,20181106,동구 산수동,[개] 포메라니안,N,20181119,광주-동구-2018-00371,20181107,062-608-2724,광주광역시 동구,http://www.animal.go.kr/files/shelter/2018/10/201811061611799.jpg,보호중,M,18-1529 달콤,3.7(Kg)
48,2013(년생),인천광역시 계양구 장제로 923 (병방동),계양구유기동물보호소,032-552-0075,권소희,검갈색/백색,428355201800727,http://www.animal.go.kr/files/shelter/2018/10/201811062211972_s.jpg,20181106,다남교부근 아라뱃길,[개] 웰시 코기 펨브로크,N,20181119,인천-계양-2018-00694,20181107,032-450-6844,인천광역시 계양구,http://www.animal.go.kr/files/shelter/2018/10/201811062211972.jpg,보호중,F,"코부위 탈모,많이 짖음",9.0(Kg)
49,2018(년생),인천광역시 계양구 다남동 35-8,인천수의사회,032-515-7567,남동구,검/흰,428353201801001,http://www.animal.go.kr/files/shelter/2018/10/201811071411200_s.jpg,20181106,남동구 간석동 389-35 진다방,[고양이] 한국 고양이,U,20181119,인천-남동-2018-00866,20181107,032-453-6094,인천광역시 남동구,http://www.animal.go.kr/files/shelter/2018/10/201811071411200.jpg,보호중,M,후송중폐사,0.5(Kg)
50,2016(년생),인천광역시 계양구 다남동 35-8,인천수의사회,032-515-7567,남동구,흰,428353201801000,http://www.animal.go.kr/files/shelter/2018/10/201811071411661_s.jpg,20181106,남동구 남촌동 풍림아파트201동앞,[고양이] 터키시 앙고라,U,20181119,인천-남동-2018-00865,20181107,032-453-6094,인천광역시 남동구,http://www.animal.go.kr/files/shelter/2018/10/201811071411661.jpg,보호중,M,등쪽회색털있음.,4(Kg)
51,2011(년생),인천광역시 계양구 다남동 35-8,인천수의사회,032-515-7567,남동구,흰,428353201800999,http://www.animal.go.kr/files/shelter/2018/10/201811071411838_s.jpg,20181106,남동구 간석동913,[개] 말티즈,U,20181119,인천-남동-2018-00864,20181107,032-453-6094,인천광역시 남동구,http://www.animal.go.kr/files/shelter/2018/10/201811071411838.jpg,보호중,F,"피부병,코에혹 있음",2.5(Kg)
52,2017(년생),인천광역시 계양구 다남동 35-8,인천수의사회,032-515-7567,남동구,흰/갈,428353201800998,http://www.animal.go.kr/files/shelter/2018/10/201811071411386_s.jpg,20181106,남동구 인주대로 899 만성중학교,[개] 믹스견,U,20181119,인천-남동-2018-00863,20181107,032-453-6094,인천광역시 남동구,http://www.animal.go.kr/files/shelter/2018/10/201811071411386.jpg,보호중,F,"피부병,파란어깨끈",3(Kg)
53,2017(년생),인천광역시 계양구 다남동 35-8,인천수의사회,032-515-7567,남동구,갈/검,428353201800997,http://www.animal.go.kr/files/shelter/2018/10/201811071311249_s.jpg,20181106,남동구 24시독스동물병원,[개] 요크셔 테리어,U,20181119,인천-남동-2018-00862,20181107,032-453-6094,인천광역시 남동구,http://www.animal.go.kr/files/shelter/2018/10/201811071311249.jpg,보호중,F,"빨간옷착용,설사",2.8(Kg)
54,2018(년생),인천광역시 계양구 다남동 35-8,인천광역시 수의사회,032-515-7567,최재영,갈/흰/검,428351201800952,http://www.animal.go.kr/files/shelter/2018/10/201811071111248_s.jpg,20181106,미추홀구 길파로 27번길16,[고양이] 한국 고양이,U,20181119,인천-미추홀-2018-00376,20181107,032-880-4383,인천광역시 미추홀구,http://www.animal.go.kr/files/shelter/2018/10/201811071111248.jpg,보호중,F,건강미흡,0.5(Kg)
55,2013(년생),인천광역시 계양구 다남동 35-8,인천광역시 수의사회,032-515-7567,최재영,갈,428351201800951,http://www.animal.go.kr/files/shelter/2018/10/201811071111426_s.jpg,20181106,미추홀구 인천보훈병원,[개] 믹스견,U,20181119,인천-미추홀-2018-00375,20181107,032-880-4383,인천광역시 미추홀구,http://www.animal.go.kr/files/shelter/2018/10/201811071111426.jpg,보호중,F,"들개,포획틀로구조",12(Kg)
56,2018(년생),인천광역시 계양구 다남동 35-8,인천광역시 수의사회,032-515-7567,최재영,갈,428351201800950,http://www.animal.go.kr/files/shelter/2018/10/201811071111952_s.jpg,20181106,미추홀구 시드니동물병원,[개] 믹스견,U,20181119,인천-미추홀-2018-00374,20181107,032-880-4383,인천광역시 미추홀구,http://www.animal.go.kr/files/shelter/2018/10/201811071111952.jpg,보호중,F,온순함,3.5(Kg)
57,2016(년생),인천광역시 중구 개항로 68 (경동),경동동물병원,032-765-9988,조용현,흰색,428349201800855,http://www.animal.go.kr/files/shelter/2018/10/201811061511419_s.jpg,20181106,자유공원기상대슈퍼앞,[개] 말티즈,Y,20181119,인천-중구-2018-00729,20181107,032-760-7377,인천광역시 중구,http://www.animal.go.kr/files/shelter/2018/10/201811061511419.jpg,보호중,M,"중성화되어있고,빨간옷 착용하고있음.네발 털짧게 미용함",2.30(Kg)
58,2018(년생),인천광역시 중구 운중로 35 (운남동),신공항동물병원,032-751-4598,조용현,흰/검,428349201800854,http://www.animal.go.kr/files/shelter/2018/10/201811061511861_s.jpg,20181106,중구 운남동 592,[고양이] 한국 고양이,N,20181119,인천-중구-2018-00728,20181107,032-760-7377,인천광역시 중구,http://www.animal.go.kr/files/shelter/2018/10/201811061511861.jpg,보호중,F,우측 귀밑 외상/치료가 필요,5.22(Kg)
59,2018(년생),인천광역시 중구 운중로 35 (운남동),신공항동물병원,032-751-4598,조용현,흰/검,428349201800853,http://www.animal.go.kr/files/shelter/2018/10/20181106151150_s.jpg,20181106,중구 공항동로 135 스카이 72,[고양이] 한국 고양이,N,20181119,인천-중구-2018-00727,20181107,032-760-7377,인천광역시 중구,http://www.animal.go.kr/files/shelter/2018/10/20181106151150.jpg,보호중,F,활동적이며 건강상태 양호,0.58(Kg)
60,2017(년생),대구광역시 동구 금강로 151-13 (금강동),대구유기동물보호센터,053-964-6258,경제과,삼색,427347201800861,http://www.animal.go.kr/files/shelter/2018/10/201811071111541_s.jpg,20181106,송현동 장관빌라,[고양이] 한국 고양이,N,20181119,대구-달서-2018-00636,20181107,053-667-2652,대구광역시 달서구,http://www.animal.go.kr/files/shelter/2018/10/201811071111541.jpg,종료(자연사),F,"교통사고 추정, 의식없음",3.5(Kg)
61,2018(년생),대구광역시 동구 금강로 151-13 (금강동),대구유기동물보호센터,053-964-6258,경제과,노랑,427347201800860,http://www.animal.go.kr/files/shelter/2018/10/201811071111491_s.jpg,20181106,삼일 동물병원,[고양이] 한국 고양이,N,20181119,대구-달서-2018-00635,20181107,053-667-2652,대구광역시 달서구,http://www.animal.go.kr/files/shelter/2018/10/201811071111491.jpg,보호중,F,"어미분리자묘, 저체온증, 탈수, 탈진",0.25(Kg)
62,2018(년생),대구광역시 동구 금강로 151-13 (금강동),대구유기동물보호센터,053-964-6258,경제과,갈색,427347201800859,http://www.animal.go.kr/files/shelter/2018/10/201811071111973_s.jpg,20181106,두류공원 산책로,[개] 믹스견,N,20181119,대구-달서-2018-00634,20181107,053-667-2652,대구광역시 달서구,http://www.animal.go.kr/files/shelter/2018/10/201811071111973.jpg,보호중,F,야생 강아지,1(Kg)
63,2018(년생),대구광역시 동구 금강로 151-13 (금강동),대구유기동물보호센터,053-964-6258,경제과,갈색,427347201800858,http://www.animal.go.kr/files/shelter/2018/10/201811071111231_s.jpg,20181106,두류공원 산책로,[개] 믹스견,N,20181119,대구-달서-2018-00633,20181107,053-667-2652,대구광역시 달서구,http://www.animal.go.kr/files/shelter/2018/10/201811071111231.jpg,보호중,F,야생 강아지,1(Kg)
64,2018(년생),대구광역시 동구 금강로 151-13 (금강동),대구유기동물보호센터,053-964-6258,경제과,갈색,427347201800857,http://www.animal.go.kr/files/shelter/2018/10/201811071111996_s.jpg,20181106,두류공원 산책로,[개] 믹스견,N,20181119,대구-달서-2018-00632,20181107,053-667-2652,대구광역시 달서구,http://www.animal.go.kr/files/shelter/2018/10/201811071111996.jpg,보호중,M,야생 강아지,1(Kg)
65,2018(년생),대구광역시 동구 금강로 151-13 (금강동),대구유기동물보호센터,053-964-6258,경제과,갈색,427347201800856,http://www.animal.go.kr/files/shelter/2018/10/201811071011744_s.jpg,20181106,두류공원 산책로,[개] 믹스견,N,20181119,대구-달서-2018-00631,20181107,053-667-2652,대구광역시 달서구,http://www.animal.go.kr/files/shelter/2018/10/201811071011744.jpg,보호중,M,야생 강아지,1.05(Kg)
66,2018(년생),대구광역시 동구 금강로 151-13 (금강동),대구유기동물보호센터,053-964-6258,경제과,갈색,427347201800855,http://www.animal.go.kr/files/shelter/2018/10/201811071011111_s.jpg,20181106,두류공원 산책로,[개] 믹스견,N,20181119,대구-달서-2018-00630,20181107,053-667-2652,대구광역시 달서구,http://www.animal.go.kr/files/shelter/2018/10/201811071011111.jpg,보호중,M,야생 강아지,1.06(Kg)
67,2018(년생),대구광역시 동구 금강로 151-13 (금강동),대구유기동물보호센터,053-964-6258,경제과,갈색,427347201800854,http://www.animal.go.kr/files/shelter/2018/10/201811071011875_s.jpg,20181106,두류공원 산책로,[개] 믹스견,N,20181119,대구-달서-2018-00629,20181107,053-667-2652,대구광역시 달서구,http://www.animal.go.kr/files/shelter/2018/10/201811071011875.jpg,보호중,M,야생 강아지,1.05(Kg)
68,2012(년생),대구광역시 동구 금강로 151-13 (금강동),대구유기동물보호센터,053-964-6258,이지현,흰색,427342201800795,http://www.animal.go.kr/files/shelter/2018/10/201811071311535_s.jpg,20181106,공산 터널 부근,[개] 말티즈,U,20181119,대구-동구-2018-00475,20181107,053-662-2654,대구광역시 동구,http://www.animal.go.kr/files/shelter/2018/10/201811071311535.jpg,보호중,M,미색 옷 착용,2.5(Kg)
69,2010(년생),대구광역시 동구 금강로 151-13 (금강동),대구유기동물보호센터,053-964-6258,이지현,흰색,427342201800794,http://www.animal.go.kr/files/shelter/2018/10/201811071311449_s.jpg,20181106,부동 고속도로 아래,[개] 말티즈,N,20181119,대구-동구-2018-00474,20181107,053-662-2654,대구광역시 동구,http://www.animal.go.kr/files/shelter/2018/10/201811071311449.jpg,종료(자연사),M,"영양상태불량, 오랜유기생활  추정, 교통사고, 의식 없음",2.5(Kg)
70,2018(년생),부산광역시 해운대구 해운대로 1252 (송정동),누리동물병원,051-701-7596,엄보미,갈색+흰색,426335201800790,http://www.animal.go.kr/files/shelter/2018/10/201811070911610_s.jpg,20181106,부산광역시 금정구 중앙대로 1778번길,[고양이],N,20181119,부산-금정-2018-00426,20181107,051-519-4741,부산광역시 금정구,http://www.animal.go.kr/files/shelter/2018/10/201811070911610.jpg,보호중,F,"금정 2-170,원인미상의 기력매우저하,영양상태불량",0.5(Kg)
71,2018(년생),부산광역시 해운대구 해운대로 1252 (송정동),누리동물병원,051-701-7596,엄보미,갈색+흰색,426335201800789,http://www.animal.go.kr/files/shelter/2018/10/201811070911280_s.jpg,20181106,부산광역시 금정구 반송로 490번길27,[고양이],N,20181119,부산-금정-2018-00425,20181107,051-519-4741,부산광역시 금정구,http://www.animal.go.kr/files/shelter/2018/10/201811070911280.jpg,보호중,Q,"금정 2-169,사고의심,기력저하",0.8(Kg)
72,2017(년생),부산광역시 해운대구 송정동 81-5,누리동물병원,051-701-7599,임진규,흰색,426331201800386,http://www.animal.go.kr/files/shelter/2018/10/201811071011594_s.jpg,20181106,양지골로 139,[개] 말티즈,U,20181119,부산-남구-2018-00391,20181107,051-607-4482,부산광역시 남구,http://www.animal.go.kr/files/shelter/2018/10/201811071011594.jpg,보호중,F,"사고의심, 왼쪽앞발 골절의심",3(Kg)
73,2008(년생),부산광역시 해운대구 송정동 81-5,누리동물병원,051-701-7599,임진규,갈색,426331201800385,http://www.animal.go.kr/files/shelter/2018/10/20181107101169_s.jpg,20181106,용호동 일신프리빌리지 아파트 입구,[개] 믹스견,U,20181119,부산-남구-2018-00390,20181107,051-607-4482,부산광역시 남구,http://www.animal.go.kr/files/shelter/2018/10/20181107101169.jpg,보호중,F,"예민하고 공격성 있음, 사고의심(다리에 상처 많고 배 쪽에 피멍있음), 눈 상태도 안 좋음",3.9(Kg)
74,2018(년생),부산광역시 해운대구 해운대로 1252 (송정동),누리동물병원,051-701-7593,양민규,검정색,426330201800359,http://www.animal.go.kr/files/shelter/2018/10/201811071011434_s.jpg,20181106,동래구청,[고양이],N,20181119,부산-동래-2018-00364,20181107,051-550-4916,부산광역시 동래구,http://www.animal.go.kr/files/shelter/2018/10/201811071011434.jpg,보호중,F,"영양상태불량,검정색",0.3(Kg)
75,2018(년생),부산광역시 강서구 가락대로1283번길 25-2 (봉림동),동물보호관리협회,051-971-6208,김헌수,흰검,426329201800615,http://www.animal.go.kr/files/shelter/2018/10/20181107081191_s.jpg,20181106,구청 당직실,[고양이] 한국 고양이,U,20181119,부산-부산진-2018-00617,20181107,051-605-4475,부산광역시 부산진구,http://www.animal.go.kr/files/shelter/2018/10/20181107081191.jpg,보호중,Q,기력소실,3(Kg)
76,2014(년생),부산광역시 강서구 가락대로1283번길 25-2 (봉림동),동물보호관리협회,051-971-6208,김헌수,갈색,426329201800614,http://www.animal.go.kr/files/shelter/2018/10/201811070811424_s.jpg,20181106,구청 당직실,[개] 믹스견,U,20181119,부산-부산진-2018-00616,20181107,051-605-4475,부산광역시 부산진구,http://www.animal.go.kr/files/shelter/2018/10/201811070811424.jpg,보호중,F,"매우사나움,허약",3(Kg)
77,2014(년생),부산광역시 강서구 가락대로1283번길 25-2 (봉림동) 사)유기동물및동물보호관리협회,유기동물보호관리협회,051-971-6208,손승현,갈색,426328201800279,http://www.animal.go.kr/files/shelter/2018/10/201811070911705_s.jpg,20181106,태종대 자갈마당,[고양이] 한국 고양이,N,20181115,부산-영도-2018-00275,20181107,051-419-4475,부산광역시 영도구,http://www.animal.go.kr/files/shelter/2018/10/201811070911705.jpg,보호중,F,"영도구 - 273, 부상고양이",3(Kg)
78,2015(년생),부산광역시 강서구 가락대로1283번길 25-2 (봉림동) (사)유기동물 및 동물보호관리협회,(사)동물보호관리협회,051-971-6208,윤기정,흰검,426327201800143,http://www.animal.go.kr/files/shelter/2018/10/20181107151111_s.jpg,20181106,부산역 앞 투썸플레이스,[고양이] 한국 고양이,U,20181119,부산-동구-2018-00147,20181107,051-440-4525,부산광역시 동구,http://www.animal.go.kr/files/shelter/2018/10/20181107151111.jpg,보호중,F,동구-143,2(Kg)
79,2018(년생),부산광역시 강서구 가락대로1283번길 25-2 (봉림동) (사)유기동물 및 동물보호관리협회,(사)동물보호관리협회,051-971-6208,윤기정,검갈회,426327201800142,http://www.animal.go.kr/files/shelter/2018/10/201811071511978_s.jpg,20181106,범일동 자유시장앞,[고양이] 한국 고양이,U,20181119,부산-동구-2018-00146,20181107,051-440-4525,부산광역시 동구,http://www.animal.go.kr/files/shelter/2018/10/201811071511978.jpg,보호중,Q,"동구-142, 젖먹이, 고양이 2두",0.3(Kg)
80,2016(년생),부산광역시 강서구 군라2길 206 (대저2동),부산동물보호센터,051-832-7119,김효진,황색,426325201800261,http://www.animal.go.kr/files/shelter/2018/10/201811071011997_s.jpg,20181106,동광동 인쇄골목/동광길 3,[개] 믹스견,N,20181116,부산-중구-2018-00264,20181107,051-600-4481,부산광역시 중구,http://www.animal.go.kr/files/shelter/2018/10/201811071011997.jpg,보호중,M,중구1-141호,6(Kg)
81,2018(년생),서울특별시 관악구 남부순환로 1451 (신림동) 러브펫종합동물병원,러브펫종합동물병원,02-837-8875,손원경,흰색,411320201801583,http://www.animal.go.kr/files/shelter/2018/10/201811071111407_s.jpg,20181106,인헌2길8,[고양이] 페르시안-페프시안 친칠라,N,20181119,서울-관악-2018-00781,20181107,02-879-6694,서울특별시 관악구,http://www.animal.go.kr/files/shelter/2018/10/201811071111407.jpg,보호중,M,"구청신고됨,탈진,결막염(안구고름),설사,이유식급여",0.6(Kg)
82,2018(년생),서울특별시 관악구 남부순환로 1451 (신림동) 러브펫종합동물병원,러브펫종합동물병원,02-837-8875,손원경,흰색,411320201801582,http://www.animal.go.kr/files/shelter/2018/10/20181107111183_s.jpg,20181106,인헌2길8,[고양이] 페르시안-페프시안 친칠라,N,20181119,서울-관악-2018-00780,20181107,02-879-6694,서울특별시 관악구,http://www.animal.go.kr/files/shelter/2018/10/20181107111183.jpg,보호중,F,"구청신고됨,탈진,결막염(안구고름),설사,이유식급여",0.5(Kg)
83,2018(년생),서울특별시 관악구 남부순환로 1451 (신림동) 러브펫종합동물병원,러브펫종합동물병원,02-837-8875,손원경,"흰색,머리꼬리검은색",411320201801581,http://www.animal.go.kr/files/shelter/2018/10/201811071111718_s.jpg,20181106,인헌2길8,[고양이] 페르시안-페프시안 친칠라,N,20181119,서울-관악-2018-00779,20181107,02-879-6694,서울특별시 관악구,http://www.animal.go.kr/files/shelter/2018/10/201811071111718.jpg,보호중,M,"구청신고됨,탈진,결막염(안구고름),설사,이유식급여",0.5(Kg)
84,2018(년생),서울특별시 관악구 남부순환로 1451 (신림동) 러브펫종합동물병원,러브펫종합동물병원,02-837-8875,손원경,검흰,411320201801580,http://www.animal.go.kr/files/shelter/2018/10/201811071111548_s.jpg,20181106,인헌2길8,[고양이] 페르시안-페프시안 친칠라,N,20181119,서울-관악-2018-00778,20181107,02-879-6694,서울특별시 관악구,http://www.animal.go.kr/files/shelter/2018/10/201811071111548.jpg,보호중,M,"구청신고됨,탈진,결막염(안구고름),설사,이유식급여",0.5(Kg)
85,2018(년생),서울특별시 마포구 합정동 411-18,홍익동물병원,02-325-2026,조황호,흰색,411313201801057,http://www.animal.go.kr/files/shelter/2018/10/201811061711729[1]_s.jpg,20181106,성미산로 27길,[기타축종],N,20181119,서울-마포-2018-00480,20181107,02-3153-8563,서울특별시 마포구,http://www.animal.go.kr/files/shelter/2018/10/201811061711729[1].jpg,보호중,Q,토끼,2(Kg)
86,2011(년생),"경상남도 창원시 진해구 웅천로 218 (성내동, 농업기술센터) 205번지",진해유기동물보호소,055-225-5701,진해기술지원과,흰색,448532201800851,http://www.animal.go.kr/files/shelter/2018/10/201811061711985_s.jpg,20181106,자은동 868-37,[개] 말티즈,N,20181116,경남-창원3-2018-00483,20181106,055-225-5701,경상남도 창원시 진해구,http://www.animal.go.kr/files/shelter/2018/10/201811061711985.jpg,보호중,M,"칩x, 중성화x, 미용과 목욕이 된 상태고, 너무 예쁘게 생김.",4.8(Kg)
87,2018(년생),"경상남도 창원시 진해구 웅천로 218 (성내동, 농업기술센터) 205번지",진해유기동물보호소,055-225-5701,진해기술지원과,흰색 노랑,448532201800850,http://www.animal.go.kr/files/shelter/2018/10/201811061711232_s.jpg,20181106,경화동 906-49,[개] 웰시 코기 펨브로크,U,20181116,경남-창원3-2018-00482,20181106,055-225-5701,경상남도 창원시 진해구,http://www.animal.go.kr/files/shelter/2018/10/201811061711232.jpg,보호중,F,"칩x 눈이 동그랗고 귀가 뾰족하게 섯으며, 털이 깨끗하고 너무 귀여움.",11(Kg)
88,2012(년생),"경상남도 진주시 집현면 신당길207번길 22 (집현면, 지역농업개발시설)",진주시유기동물보호소,055-749-6134,진주시청,흰 색,448531201800573,http://www.animal.go.kr/files/shelter/2018/10/201811061311209_s.jpg,20181106,진주시 상대동 330-74,[개] 스피츠,N,20181113,경남-진주-2018-00384,20181106,055-749-6134,경상남도 진주시,http://www.animal.go.kr/files/shelter/2018/10/201811061311209.jpg,보호중,M,검정색 목줄 착용,6.2(Kg)
89,2013(년생),"경상남도 진주시 집현면 신당길207번길 22 (집현면, 지역농업개발시설)",진주시유기동물보호소,055-749-6134,진주시청,갈 색,448531201800572,http://www.animal.go.kr/files/shelter/2018/10/201811061311835_s.jpg,20181106,진주시 문산읍 삼곡리,[개] 푸들,N,20181113,경남-진주-2018-00383,20181106,055-749-6134,경상남도 진주시,http://www.animal.go.kr/files/shelter/2018/10/201811061311835.jpg,보호중,F,연갈색 옷 착용,2.6(Kg)
90,2013(년생),경상남도 창원시 마산합포구 진북면 지산2길 139-112 226-19,마산유기동물보호소,055-225-5625,마산합포회원구,검정,448528201801248,http://www.animal.go.kr/files/shelter/2018/10/201811061711962_s.jpg,20181106,진동면 다구리 433 부근,[개] 도베르만,U,20181116,경남-창원2-2018-00581,20181106,055-225-5625,경상남도 창원시 마산합포회원구,http://www.animal.go.kr/files/shelter/2018/10/201811061711962.jpg,보호중,M,목줄(빨간색)+목줄 끈 착용(푸른색),25(Kg)
91,2013(년생),경상남도 창원시 마산합포구 진북면 지산2길 139-112 226-19,마산유기동물보호소,055-225-5625,마산합포회원구,갈색,448528201801247,http://www.animal.go.kr/files/shelter/2018/10/201811061311738_s.jpg,20181106,합성동 시외버스터미널 주변,[개] 푸들,U,20181116,경남-창원2-2018-00580,20181106,055-225-5625,경상남도 창원시 마산합포회원구,http://www.animal.go.kr/files/shelter/2018/10/201811061311738.jpg,보호중,M,"뼈다귀 모양 쇠사슬 목걸이 착용, 방울도 같이 있음",4(Kg)
92,2018(년생),"경상북도 예천군 예천읍 충효로 632-84 (예천읍, 유기동물보호소)",예천군유기동물보호소,010-9562-0975,예천군,연갈색,447523201800153,http://www.animal.go.kr/files/shelter/2018/10/201811061311423_s.jpg,20181106,용궁 단골식당,[개] 믹스견,N,20181116,경북-예천-2018-00150,20181106,054-650-6578,경상북도 예천군,http://www.animal.go.kr/files/shelter/2018/10/201811061311423.jpg,보호중,F,,3(Kg)
93,2018(년생),"경상북도 예천군 예천읍 충효로 632-84 (예천읍, 유기동물보호소)",예천군유기동물보호소,010-9562-0975,예천군,흰색,447523201800152,http://www.animal.go.kr/files/shelter/2018/10/201811061311850_s.jpg,20181106,용궁 파출소,[개] 믹스견,N,20181116,경북-예천-2018-00149,20181106,054-650-6578,경상북도 예천군,http://www.animal.go.kr/files/shelter/2018/10/201811061311850.jpg,보호중,M,,3(Kg)
94,2018(년생),"경상북도 예천군 예천읍 충효로 632-84 (예천읍, 유기동물보호소)",예천군유기동물보호소,010-9562-0975,예천군,흰색,447523201800151,http://www.animal.go.kr/files/shelter/2018/10/201811061311999_s.jpg,20181106,용궁 파출소,[개] 믹스견,N,20181116,경북-예천-2018-00148,20181106,054-650-6578,경상북도 예천군,http://www.animal.go.kr/files/shelter/2018/10/201811061311999.jpg,보호중,F,,3(Kg)
95,2018(년생),경상북도 성주군 대가면 동강한강로 941-1 가야유기동물보호소,가야유기동물보호소,010-3515-2020,이호현,갈색,447521201800289,http://www.animal.go.kr/files/shelter/2018/10/201811060911658_s.jpg,20181106,한국도로공사,[개] 믹스견,U,20181116,경북-성주-2018-00290,20181106,054-930-6684,경상북도 성주군,http://www.animal.go.kr/files/shelter/2018/10/201811060911658.jpg,보호중,F,갈색 암컷 믹스견 한마리,5~7(Kg)
96,2018(년생),경상북도 성주군 대가면 동강한강로 941-1 가야유기동물보호소,가야유기동물보호소,010-3515-2020,이호현,짙은 갈색,447521201800288,http://www.animal.go.kr/files/shelter/2018/10/201811060911324_s.jpg,20181106,수륜면 백운리 산 250-4 (수륜파출소 통보),[개] 믹스견,U,20181116,경북-성주-2018-00289,20181106,054-930-6684,경상북도 성주군,http://www.animal.go.kr/files/shelter/2018/10/201811060911324.jpg,보호중,M,수컷 믹스견 한마리,7~8(Kg)
97,2018(년생),경상북도 성주군 대가면 동강한강로 941-1 가야유기동물보호소,가야유기동물보호소,010-3515-2020,이호현,검흰 섞임,447521201800287,http://www.animal.go.kr/files/shelter/2018/10/201811060911289_s.jpg,20181106,수륜면 보월리 (수륜파출소 통보),[개] 믹스견,U,20181116,경북-성주-2018-00288,20181106,054-930-6684,경상북도 성주군,http://www.animal.go.kr/files/shelter/2018/10/201811060911289.jpg,보호중,M,수컷 믹스견 한마리,4~6(Kg)
98,2014(년생),"경상북도 청도군 화양읍 청화로 70 (화양읍, 청도군청) 농정과 동물방역계",청도동물보호소,054-370-6532,청도군,흰색,447519201800192,http://www.animal.go.kr/files/shelter/2018/10/201811061111173_s.jpg,20181106,청도군 이서고등학교,[개] 말티즈,Y,20181116,경북-청도-2018-00177,20181106,054-370-6534,경상북도 청도군,http://www.animal.go.kr/files/shelter/2018/10/201811061111173.jpg,보호중,M,"온순, 건강, 부분염색",3(Kg)
99,2015(년생),경상북도 문경시 중앙로 170 (흥덕동) 종합가축병원,종합가축병원,054-552-2233,김연희,흰색,447512201800416,http://www.animal.go.kr/files/shelter/2018/10/20181106181120_s.jpg,20181106,소방서,[개] 아키다,N,20181113,경북-문경-2018-00362,20181106,054-550-6287,경상북도 문경시,http://www.animal.go.kr/files/shelter/2018/10/20181106181120.jpg,보호중,M,순하고 붉은 목태착용함,24(Kg)
100,2017(년생),경상북도 영천시 화남면 신선로 310 (화남면),영천유기동물보호센터,054-339-7179,김유진,베이지,447510201800188,http://www.animal.go.kr/files/shelter/2018/10/201811061611493[1]_s.jpg,20181106,청통면 은해사 화엄정사,[개] 믹스견,N,20181116,경북-영천-2018-00170,20181106,054-339-7179,경상북도 영천시,http://www.animal.go.kr/files/shelter/2018/10/201811061611493[1].jpg,보호중,F,가분양. 유기된지 오래됨.,8(Kg)
101,2017(년생),경상북도 영천시 화남면 신선로 310 (화남면),영천유기동물보호센터,054-339-7179,김유진,베이지,447510201800187,http://www.animal.go.kr/files/shelter/2018/10/201811061611263_s.jpg,20181106,청통면 은해사 화엄정사,[개] 믹스견,N,20181116,경북-영천-2018-00169,20181106,054-339-7179,경상북도 영천시,http://www.animal.go.kr/files/shelter/2018/10/201811061611263.jpg,보호중,F,순함,7(Kg)
102,2011(년생),전라남도 장성군 장성읍 청운길 19-1 (장성읍),우남동물병원,010-3628-9776,김유진,흰색,446498201800157,http://www.animal.go.kr/files/shelter/2018/10/201811061311410_s.jpg,20181106,동화면 남산리,[개] 믹스견,N,20181116,전남-장성-2018-00156,20181106,061-390-8518,전라남도 장성군,http://www.animal.go.kr/files/shelter/2018/10/201811061311410.jpg,보호중,M,건강상태 양호,5(Kg)
103,2016(년생),전라남도 구례군 문척면 구성1길 74-20 (문척면),구례 보호소,010-3285-5325,강건영,흰색,446487201800154,http://www.animal.go.kr/files/shelter/2018/10/201811061711586_s.jpg,20181106,문척면 구성2길,[개] 믹스견,U,20181116,전남-구례-2018-00164,20181106,061-780-2496,전라남도 구례군,http://www.animal.go.kr/files/shelter/2018/10/201811061711586.jpg,보호중,M,사람을 좋아함,7(Kg)
104,2018(년생),전라남도 구례군 문척면 구성1길 74-20 (문척면),구례 보호소,010-3285-5325,강건영,불개,446487201800153,http://www.animal.go.kr/files/shelter/2018/10/20181106171170[1]_s.jpg,20181106,간전면 효곡저수지,[개] 믹스견,U,20181116,전남-구례-2018-00163,20181106,061-780-2496,전라남도 구례군,http://www.animal.go.kr/files/shelter/2018/10/20181106171170[1].jpg,보호중,F,"온순함, 새끼 4마리 모견인 듯.",10(Kg)
105,2018(년생),"전라남도 순천시 중앙로 3-1 (저전동, 대한동물사랑협회)",대한동물사랑협회,061-755-7547,순천시,"반고등어 (검, 흰)",446482201801022,http://www.animal.go.kr/files/shelter/2018/10/201811061711889_s.jpg,20181106,대한동물사랑협회 사무실 앞,[고양이] 한국 고양이,N,20181116,전남-순천-2018-01002,20181106,061-749-8728,전라남도 순천시,http://www.animal.go.kr/files/shelter/2018/10/201811061711889.jpg,보호중,F,1차접종,0.5(Kg)
106,2018(년생),"전라남도 순천시 중앙로 3-1 (저전동, 대한동물사랑협회)",대한동물사랑협회,061-755-7547,순천시,"턱시도 (검, 흰)",446482201801021,http://www.animal.go.kr/files/shelter/2018/10/201811061711489_s.jpg,20181106,대한동물사랑협회 사무실 앞,[고양이] 한국 고양이,N,20181116,전남-순천-2018-01001,20181106,061-749-8728,전라남도 순천시,http://www.animal.go.kr/files/shelter/2018/10/201811061711489.jpg,보호중,F,1차접종,0.5(Kg)
107,2018(년생),"전라남도 순천시 중앙로 3-1 (저전동, 대한동물사랑협회)",대한동물사랑협회,061-755-7547,순천시,"턱시도 (검, 흰)",446482201801020,http://www.animal.go.kr/files/shelter/2018/10/201811061711996_s.jpg,20181106,대한동물사랑협회 사무실 앞,[고양이] 한국 고양이,N,20181116,전남-순천-2018-01000,20181106,061-749-8728,전라남도 순천시,http://www.animal.go.kr/files/shelter/2018/10/201811061711996.jpg,보호중,M,1차 접종,0.56(Kg)
108,2017(년생),"전라남도 순천시 중앙로 3-1 (저전동, 대한동물사랑협회)",대한동물사랑협회,061-755-7547,순천시,"고등어 (검, 갈, 흰)",446482201801019,http://www.animal.go.kr/files/shelter/2018/10/201811061711670_s.jpg,20181106,저전동 인근 공원,[고양이] 한국 고양이,N,20181116,전남-순천-2018-00999,20181106,061-749-8728,전라남도 순천시,http://www.animal.go.kr/files/shelter/2018/10/201811061711670.jpg,보호중,F,"깨끗한 상태, 유기가능성",5.6(Kg)
109,2018(년생),"전라남도 순천시 중앙로 3-1 (저전동, 대한동물사랑협회)",대한동물사랑협회,061-755-7547,순천시,"젖소(흰, 검)",446482201801018,http://www.animal.go.kr/files/shelter/2018/10/201811061711529_s.jpg,20181106,서면 청태지길 창고,[고양이] 한국 고양이,N,20181116,전남-순천-2018-00998,20181106,061-749-8728,전라남도 순천시,http://www.animal.go.kr/files/shelter/2018/10/201811061711529.jpg,보호중,F,저체온증,0.24(Kg)
110,2018(년생),"전라남도 순천시 중앙로 3-1 (저전동, 대한동물사랑협회)",대한동물사랑협회,061-755-7547,순천시,"반고등어(검,갈,흰)",446482201801017,http://www.animal.go.kr/files/shelter/2018/10/201811061711688_s.jpg,20181106,서면 청태지길 창고,[고양이] 한국 고양이,N,20181116,전남-순천-2018-00997,20181106,061-749-8728,전라남도 순천시,http://www.animal.go.kr/files/shelter/2018/10/201811061711688.jpg,보호중,F,저체온증,0.24(Kg)
111,2018(년생),전라남도 여수시 주삼동 농업기술센터,유기동물보호소,061-659-4419,축산정책팀,검흰색,446481201801217,http://www.animal.go.kr/files/shelter/2018/10/201811061811136_s.jpg,20181106,창무리 548 주택가,[개] 말라뮤트,N,20181116,전남-여수-2018-00307,20181106,061-659-4419,전라남도 여수시,http://www.animal.go.kr/files/shelter/2018/10/201811061811136.jpg,보호중,M,사람을 잘따름,21(Kg)
112,2015(년생),전라남도 여수시 주삼동 농업기술센터,유기동물보호소,061-659-4419,축산정책팀,흰색,446481201801214,http://www.animal.go.kr/files/shelter/2018/10/201811061711593_s.jpg,20181106,시민회관 인근,[개] 말티즈,N,20181116,전남-여수-2018-00306,20181106,061-659-4419,전라남도 여수시,http://www.animal.go.kr/files/shelter/2018/10/201811061711593.jpg,보호중,M,오렌지색 목띠착용,2.4(Kg)
113,2014(년생),"전라북도 완주군 용진면 완주로 174 (용진면, 용진면사무소)",연합동물병원,010-8668-7582,나상운,흰색,445472201800190,http://www.animal.go.kr/files/shelter/2018/10/201811061611976_s.jpg,20181106,소양면 신교마을,[개] 진도견,N,20181116,전북-완주-2018-00188,20181106,063-290-3248,전라북도 완주군,http://www.animal.go.kr/files/shelter/2018/10/201811061611976.jpg,보호중,M,"검정목줄, 쇠사슬 개줄 착용",18(Kg)
114,2018(년생),전라북도 김제시 용지면 금백로 571-39 (용지면) 전북말산업복합센터,전북말산업복합센터,010-5357-0267,이우진,베이지색,445471201800179,http://www.animal.go.kr/files/shelter/2018/10/201811061111618_s.jpg,20181106,김제 금산사,[개] 믹스견,N,20181116,전북-김제-2018-00175,20181106,063-540-3683,전라북도 김제시,http://www.animal.go.kr/files/shelter/2018/10/201811061111618.jpg,보호중,F,한쪽발이 꺽여있음,2(Kg)
115,2018(년생),"전라북도 정읍시 충정로 199 (장명동, 다나동물병원)",다나동물병원,063-537-1041,정읍시,백색,445469201800550,http://www.animal.go.kr/files/shelter/2018/10/201811061911948_s.jpg,20181106,다나동물병원옆,[개] 믹스견,N,20181116,전북-정읍-2018-00342,20181106,063-539-6373,전라북도 정읍시,http://www.animal.go.kr/files/shelter/2018/10/201811061911948.jpg,보호중,M,상자에 넣어 버리고 감.,0.15(Kg)
116,2018(년생),"전라북도 정읍시 충정로 199 (장명동, 다나동물병원)",다나동물병원,063-537-1041,정읍시,백색,445469201800549,http://www.animal.go.kr/files/shelter/2018/10/201811061911181_s.jpg,20181106,다나동물병원옆,[개] 믹스견,N,20181116,전북-정읍-2018-00341,20181106,063-539-6373,전라북도 정읍시,http://www.animal.go.kr/files/shelter/2018/10/201811061911181.jpg,보호중,M,상자에 넣어 버리고 감,0.13(Kg)
117,2018(년생),"전라북도 정읍시 충정로 199 (장명동, 다나동물병원)",다나동물병원,063-537-1041,정읍시,백색,445469201800548,http://www.animal.go.kr/files/shelter/2018/10/201811061911351_s.jpg,20181106,다나동물병원옆,[개] 믹스견,N,20181116,전북-정읍-2018-00340,20181106,063-539-6373,전라북도 정읍시,http://www.animal.go.kr/files/shelter/2018/10/201811061911351.jpg,보호중,M,상자에 넣어 버리고감,0.12(Kg)
118,2018(년생),"전라북도 정읍시 충정로 199 (장명동, 다나동물병원)",다나동물병원,063-537-1041,정읍시,백색,445469201800547,http://www.animal.go.kr/files/shelter/2018/10/201811061911725_s.jpg,20181106,다나동물병원옆,[개] 믹스견,N,20181116,전북-정읍-2018-00339,20181106,063-539-6373,전라북도 정읍시,http://www.animal.go.kr/files/shelter/2018/10/201811061911725.jpg,보호중,F,상자에넣어 버리고감,0.14(Kg)
119,2018(년생),"전라북도 정읍시 충정로 199 (장명동, 다나동물병원)",다나동물병원,063-537-1041,정읍시,흑갈색,445469201800546,http://www.animal.go.kr/files/shelter/2018/10/201811061911968_s.jpg,20181106,다나동물병원옆,[개] 믹스견,N,20181116,전북-정읍-2018-00338,20181106,063-539-6373,전라북도 정읍시,http://www.animal.go.kr/files/shelter/2018/10/201811061911968.jpg,보호중,F,상자에넣어 버리고감.,0.15(Kg)
120,2016(년생),전라북도 전주시 덕진구 인후동1가 806-6,행복한동물병원,063-244-0090,최남선,갈색,445464201802299,http://www.animal.go.kr/files/shelter/2018/10/201811062311589_s.jpg,20181106,동산파출소,[개] 믹스견,N,20181115,전북-전주-2018-01633,20181106,063-281-5327,전라북도 전주시,http://www.animal.go.kr/files/shelter/2018/10/201811062311589.jpg,보호중,M,성격이 예민함,17(Kg)
121,2017(년생),전라북도 전주시 덕진구 인후동1가 806-6,행복한동물병원,063-244-0090,최남선,흰색갈색,445464201802298,http://www.animal.go.kr/files/shelter/2018/10/201811062311429_s.jpg,20181106,아중체련공원,[개] 믹스견,N,20181115,전북-전주-2018-01632,20181106,063-281-5327,전라북도 전주시,http://www.animal.go.kr/files/shelter/2018/10/201811062311429.jpg,보호중,M,온순함,6.5(Kg)
122,2016(년생),전라북도 전주시 덕진구 인후동1가 806-6,행복한동물병원,063-244-0090,최남선,갈색,445464201802297,http://www.animal.go.kr/files/shelter/2018/10/201811062311256_s.jpg,20181106,완산구 부남길 24 주변,[개] 믹스견,N,20181115,전북-전주-2018-01631,20181106,063-281-5327,전라북도 전주시,http://www.animal.go.kr/files/shelter/2018/10/201811062311256.jpg,보호중,F,파란색목줄 착용,5(Kg)
123,2018(년생),전라북도 전주시 완산구 삼천동1가 592-1,프렌즈동물병원,063-227-4975,최남선,흰/노랑색,445464201802296,http://www.animal.go.kr/files/shelter/2018/10/20181106231107_s.jpg,20181106,웰동물병원,[고양이] 한국 고양이,N,20181115,전북-전주-2018-01630,20181106,063-281-5327,전라북도 전주시,http://www.animal.go.kr/files/shelter/2018/10/20181106231107.jpg,보호중,F,"꼬리부분 탈모, 짧게 말림",1.3(Kg)
124,2013(년생),전라북도 전주시 완산구 전동 1가 199,박영재동물병원,063-284-7774,최남선,누렁색,445464201802295,http://www.animal.go.kr/files/shelter/2018/10/201811061611161_s.jpg,20181106,서곡 두산 아파트 근처,[개] 믹스견,N,20181115,전북-전주-2018-01629,20181106,063-281-5327,전라북도 전주시,http://www.animal.go.kr/files/shelter/2018/10/201811061611161.jpg,보호중,F,치석많음,2.3(Kg)
125,2015(년생),전라북도 전주시 완산구 전동 1가 199,박영재동물병원,063-284-7774,최남선,약간회색,445464201802294,http://www.animal.go.kr/files/shelter/2018/10/201811061611245_s.jpg,20181106,서곡 두산 아파트 근처,[개] 믹스견,N,20181115,전북-전주-2018-01628,20181106,063-281-5327,전라북도 전주시,http://www.animal.go.kr/files/shelter/2018/10/201811061611245.jpg,보호중,M,장안에있으면 약간 경계,3.5(Kg)
126,2017(년생),전라북도 전주시 완산구 전동 1가 199,박영재동물병원,063-284-7774,최남선,약간 누렁색,445464201802293,http://www.animal.go.kr/files/shelter/2018/10/201811061611702_s.jpg,20181106,서곡 두산 아파트 근처,[개] 믹스견,N,20181115,전북-전주-2018-01627,20181106,063-281-5327,전라북도 전주시,http://www.animal.go.kr/files/shelter/2018/10/201811061611702.jpg,보호중,F,치석없음,2.5(Kg)
127,2001(년생),전라북도 전주시 완산구 삼천동1가 592-1,프렌즈동물병원,063-227-4975,최남선,흰색,445464201802292,http://www.animal.go.kr/files/shelter/2018/10/201811061611745_s.jpg,20181106,완산구청,[개] 말티즈,Y,20181115,전북-전주-2018-01626,20181106,063-281-5327,전라북도 전주시,http://www.animal.go.kr/files/shelter/2018/10/201811061611745.jpg,종료(반환),M,좌안실명,3.3(Kg)
128,2018(년생),충청남도 당진시 고대면 연동로 30-6 (고대면),당진시동물보호소,041-356-8210,당진시,고등어,444568201800556,http://www.animal.go.kr/files/shelter/2018/10/201811061011142_s.jpg,20181106,당진시채운동1133 편한성모병원,[고양이] 한국 고양이,U,20181115,충남-당진-2018-00554,20181106,041-350-4242,충청남도 당진시,http://www.animal.go.kr/files/shelter/2018/10/201811061011142.jpg,보호중,F,"2개월, 순함, 병원으로 들어옴",1.40(Kg)
129,2017(년생),충청남도 예산군 예산읍 벚꽃로 153 (예산읍) 1층 KU건국동물병원,KU건국동물병원,041-335-1023,가축방역팀,흰색,444461201800256,http://www.animal.go.kr/files/shelter/2018/10/201811061711752_s.jpg,20181106,공주대학교 예산캠퍼스 생명관,[개] 믹스견,U,20181113,충남-예산-2018-00220,20181106,041-339-7645,충청남도 예산군,http://www.animal.go.kr/files/shelter/2018/10/201811061711752.png,보호중,M,파란색 목줄착용,4(Kg)
130,2018(년생),충청남도 예산군 예산읍 벚꽃로 153 (예산읍) 1층 KU건국동물병원,KU건국동물병원,041-335-1023,가축방역팀,"갈색,흰색",444461201800255,http://www.animal.go.kr/files/shelter/2018/10/201811061711218_s.jpg,20181106,벚꽃로 295-17,[개] 믹스견,U,20181113,충남-예산-2018-00219,20181106,041-339-7645,충청남도 예산군,http://www.animal.go.kr/files/shelter/2018/10/201811061711218.png,보호중,M,3마리 함께 발견,1(Kg)
131,2018(년생),충청남도 예산군 예산읍 벚꽃로 153 (예산읍) 1층 KU건국동물병원,KU건국동물병원,041-335-1023,가축방역팀,"흰색,갈색",444461201800254,http://www.animal.go.kr/files/shelter/2018/10/201811061611406_s.jpg,20181106,벚꽃로 295-17,[개] 믹스견,U,20181113,충남-예산-2018-00218,20181106,041-339-7645,충청남도 예산군,http://www.animal.go.kr/files/shelter/2018/10/201811061611406.png,보호중,M,3마리 함께 발견,1(Kg)
132,2018(년생),충청남도 예산군 예산읍 벚꽃로 153 (예산읍) 1층 KU건국동물병원,KU건국동물병원,041-335-1023,가축방역팀,흰색,444461201800253,http://www.animal.go.kr/files/shelter/2018/10/201811061611395_s.jpg,20181106,벚꽃로 295-17,[개] 믹스견,U,20181113,충남-예산-2018-00217,20181106,041-339-7645,충청남도 예산군,http://www.animal.go.kr/files/shelter/2018/10/201811061611395.png,보호중,M,3마리 함께 발견,1(Kg)
133,2013(년생),충청남도 논산시 중앙로398번길 2 (취암동),호크종합동물병원,041-736-8875,논산시,갈색검정,444454201800475,http://www.animal.go.kr/files/shelter/2018/10/201811061711365_s.jpg,20181106,등화동 소망유통 근처,[개] 닥스훈트,U,20181116,충남-논산-2018-00451,20181106,041-746-6115,충청남도 논산시,http://www.animal.go.kr/files/shelter/2018/10/201811061711365.jpg,보호중,F,건강상태 양호,4(Kg)
134,2018(년생),충청남도 아산시 둔포면 둔포로 33 (둔포면) 충청남도 아산시 염치읍 석정리 99-21,중부벳동물병원,041-533-3563,최현주,젖소,444452201801104,http://www.animal.go.kr/files/shelter/2018/10/201811061211173_s.jpg,20181106,용담사 근처 차로,[고양이] 한국 고양이,N,20181115,충남-아산-2018-00994,20181106,041-537-3831,충청남도 아산시,http://www.animal.go.kr/files/shelter/2018/10/201811061211173.jpg,보호중,Q,"1104호(관리) 994호(공고) 교통사고 추정, 기립불능",7(Kg)
135,2016(년생),충청남도 아산시 둔포면 둔포로 33 (둔포면) 충청남도 아산시 염치읍 석정리 99-21,중부벳동물병원,041-533-3563,최현주,크림,444452201801103,http://www.animal.go.kr/files/shelter/2018/10/201811061211948_s.jpg,20181106,음봉면 신정리길,[개] 믹스견,N,20181115,충남-아산-2018-00993,20181106,041-537-3831,충청남도 아산시,http://www.animal.go.kr/files/shelter/2018/10/201811061211948.jpg,보호중,M,"1103호(관리) 993호(공고) 크림색, 털엉킴",7(Kg)
136,2018(년생),충청남도 공주시 번영1로 54 (신관동),강북동물병원,041-856-9900,가축방역팀,3색,444450201800662,http://www.animal.go.kr/files/shelter/2018/10/201811061711529[1]_s.jpg,20181106,대통1길1,[고양이] 한국 고양이,N,20181116,충남-공주-2018-00381,20181106,041-840-8899,충청남도 공주시,http://www.animal.go.kr/files/shelter/2018/10/201811061711529[1].jpg,보호중,M,"2개월령, 탈수증",0.4(Kg)
137,2016(년생),충청북도 제천시 청풍호로4가길 1 (영천동),제천시 동물보호센터,043-647-0059,김동국,연한갈색,443440201800285,http://www.animal.go.kr/files/shelter/2018/10/201811062311261_s.jpg,20181106,하소주공 4단지부근,[개] 믹스견,U,20181116,충북-제천-2018-00283,20181106,043-641-6872,충청북도 제천시,http://www.animal.go.kr/files/shelter/2018/10/201811062311261.jpg,보호중,F,온순함,5.8(Kg)
138,2015(년생),충청북도 충주시 중앙탑면 일곱실길 70 (중앙탑면),충주시동물보호센터,043-851-3168,충주시,흰색,443439201800409,http://www.animal.go.kr/files/shelter/2018/10/201811061111137_s.jpg,20181106,팽고리산길 90 sk 셀프 착한주유소,[개] 믹스견,N,20181113,충북-충주-2018-00389,20181106,043-850-5872,충청북도 충주시,http://www.animal.go.kr/files/shelter/2018/10/201811061111137.jpg,보호중,M,털이 심하게 엉켜있고 미용한 흔적이 있음 순함 키트정상,4.5(Kg)
139,2016(년생),충청북도 충주시 중앙탑면 일곱실길 70 (중앙탑면),충주시동물보호센터,043-851-3168,충주시,갈색,443439201800408,http://www.animal.go.kr/files/shelter/2018/10/201811060911497_s.jpg,20181106,봉방동 상방5길 41,[개] 푸들,Y,20181113,충북-충주-2018-00388,20181106,043-850-5872,충청북도 충주시,http://www.animal.go.kr/files/shelter/2018/10/201811060911497.jpg,보호중,M,"눈이 안보일정도로 털이엉켜있고 덥수룩함, 순하고 사람잘따름, 키트검사정상",5.5(Kg)
140,2017(년생),강원도 정선군 정선읍 정선로 1321 (정선읍),정선가축병원,033-563-0198,지정구,황색,442429201800296,http://www.animal.go.kr/files/shelter/2018/10/201811061311545[1]_s.jpg,20181106,여량면 여량리,[개] 믹스견,U,20181113,강원-정선-2018-00294,20181106,033-560-2446,강원도 정선군,http://www.animal.go.kr/files/shelter/2018/10/201811061311545[1].jpg,보호중,F,목걸이 착용,22(Kg)
141,2015(년생),경기도 여주시 북내면 강문로 117 (북내면),강아지와 고양이,031-883-5199,석준,갈색,441570201800333,http://www.animal.go.kr/files/shelter/2018/10/201811061711174_s.jpg,20181106,하동,[개] 믹스견,N,20181116,경기-여주-2018-00333,20181106,031-887-3201,경기도 여주시,http://www.animal.go.kr/files/shelter/2018/10/201811061711174.jpg,보호중,F,애견으류 착용/목줄착용,4.5(Kg)
142,2018(년생),경기도 여주시 북내면 강문로 117 (북내면),강아지와 고양이,031-883-5199,석준,이포리,441570201800332,http://www.animal.go.kr/files/shelter/2018/10/201811061111769_s.jpg,20181106,이포리,[고양이] 한국 고양이,N,20181116,경기-여주-2018-00332,20181106,031-887-3201,경기도 여주시,http://www.animal.go.kr/files/shelter/2018/10/201811061111769.jpg,보호중,M,.,0.5(Kg)
143,2015(년생),경기도 여주시 북내면 강문로 117 (북내면),강아지와 고양이,031-883-5199,석준,검정/흰색,441570201800331,http://www.animal.go.kr/files/shelter/2018/10/201811061011156_s.jpg,20181106,가야리,[고양이] 한국 고양이,N,20181116,경기-여주-2018-00331,20181106,031-887-3201,경기도 여주시,http://www.animal.go.kr/files/shelter/2018/10/201811061011156.jpg,종료(자연사),M,교통사고,3.2(Kg)
144,2015(년생),경기도 용인시 처인구 모현면 대지로 407 (모현면),죽전TNR동물병원,031-322-7586,축산정책팀,삼색,441554201801600,http://www.animal.go.kr/files/shelter/2018/10/201811062011490_s.jpg,20181106,광주시 초월읍 도평리 대주아파트,[고양이] 한국 고양이,Y,20181116,경기-광주-2018-01002,20181106,031-760-2438,경기도 광주시,http://www.animal.go.kr/files/shelter/2018/10/201811062011490.jpg,보호중,F,"11-25, 탈수, 움직임 없음, 구내염 심함",2.40(Kg)
145,2018(년생),경기도 용인시 처인구 모현면 대지로 407 (모현면),죽전TNR동물병원,031-322-7586,축산정책팀,갈색,441554201801597,http://www.animal.go.kr/files/shelter/2018/10/201811061811909_s.jpg,20181106,광주시 남한산성면 상번천리 일대,[개] 믹스견,N,20181116,경기-광주-2018-01001,20181106,031-760-2438,경기도 광주시,http://www.animal.go.kr/files/shelter/2018/10/201811061811909.jpg,보호중,M,"11-24, 어미랑 구조, 저체온증",1.00(Kg)
146,2018(년생),경기도 용인시 처인구 모현면 대지로 407 (모현면),죽전TNR동물병원,031-322-7586,축산정책팀,갈색,441554201801596,http://www.animal.go.kr/files/shelter/2018/10/201811061811800[1]_s.jpg,20181106,광주시 남한산성면 상번천리 일대,[개] 믹스견,N,20181116,경기-광주-2018-01000,20181106,031-760-2438,경기도 광주시,http://www.animal.go.kr/files/shelter/2018/10/201811061811800[1].jpg,보호중,M,"11-23, 어미랑 구조",1.00(Kg)
147,2018(년생),경기도 용인시 처인구 모현면 대지로 407 (모현면),죽전TNR동물병원,031-322-7586,축산정책팀,검정색,441554201801595,http://www.animal.go.kr/files/shelter/2018/10/201811061811741[1]_s.jpg,20181106,광주시 남한산성면 상번천리 일대,[개] 믹스견,N,20181116,경기-광주-2018-00999,20181106,031-760-2438,경기도 광주시,http://www.animal.go.kr/files/shelter/2018/10/201811061811741[1].jpg,보호중,M,"11-22, 어미랑 구조",1.00(Kg)
148,2018(년생),경기도 용인시 처인구 모현면 대지로 407 (모현면),죽전TNR동물병원,031-322-7586,축산정책팀,검정색,441554201801594,http://www.animal.go.kr/files/shelter/2018/10/201811061811960_s.jpg,20181106,광주시 남한산성면 상번천리 일대,[개] 믹스견,N,20181116,경기-광주-2018-00998,20181106,031-760-2438,경기도 광주시,http://www.animal.go.kr/files/shelter/2018/10/201811061811960.jpg,보호중,M,"11-21, 어미랑 구조",1.00(Kg)
149,2018(년생),경기도 용인시 처인구 모현면 대지로 407 (모현면),죽전TNR동물병원,031-322-7586,축산정책팀,검정색,441554201801593,http://www.animal.go.kr/files/shelter/2018/10/201811061811800_s.jpg,20181106,광주시 남한산성면 상번천리 일대,[개] 믹스견,N,20181116,경기-광주-2018-00997,20181106,031-760-2438,경기도 광주시,http://www.animal.go.kr/files/shelter/2018/10/201811061811800.jpg,보호중,M,"11-20, 어미랑 구조",1.00(Kg)
150,2018(년생),경기도 용인시 처인구 모현면 대지로 407 (모현면),죽전TNR동물병원,031-322-7586,축산정책팀,검정색,441554201801592,http://www.animal.go.kr/files/shelter/2018/10/201811061811481_s.jpg,20181106,광주시 남한산성면 상번천리 일대,[개] 믹스견,N,20181116,경기-광주-2018-00996,20181106,031-760-2438,경기도 광주시,http://www.animal.go.kr/files/shelter/2018/10/201811061811481.jpg,보호중,M,"11-19, 어미랑 구조",1.00(Kg)
151,2016(년생),경기도 용인시 처인구 모현면 대지로 407 (모현면),죽전TNR동물병원,031-322-7586,축산정책팀,갈색,441554201801591,http://www.animal.go.kr/files/shelter/2018/10/201811061811264_s.jpg,20181106,광주시 남한산성면 상번천리 일대,[개] 비글,N,20181116,경기-광주-2018-00995,20181106,031-760-2438,경기도 광주시,http://www.animal.go.kr/files/shelter/2018/10/201811061811264.jpg,보호중,F,"11-18, 칩없음, 새끼랑 구조",12.00(Kg)
152,2018(년생),경기도 용인시 처인구 모현면 대지로 407 (모현면),죽전TNR동물병원,031-322-7586,축산정책팀,고등어색,441554201801590,http://www.animal.go.kr/files/shelter/2018/10/201811061811236_s.jpg,20181106,광주시 곤지암읍 곤지암리 일대,[고양이] 한국 고양이,N,20181116,경기-광주-2018-00994,20181106,031-760-2438,경기도 광주시,http://www.animal.go.kr/files/shelter/2018/10/201811061811236.jpg,보호중,M,"11-17, 교통사고, 기력 없음",2.20(Kg)
153,2017(년생),경기도 용인시 처인구 모현면 대지로 407 (모현면),죽전TNR동물병원,031-322-7586,축산정책팀,갈색,441554201801589,http://www.animal.go.kr/files/shelter/2018/10/201811061611372_s.jpg,20181106,광주시 오포읍 신현리 일대,[개] 푸들,N,20181116,경기-광주-2018-00993,20181106,031-760-2438,경기도 광주시,http://www.animal.go.kr/files/shelter/2018/10/201811061611372.jpg,보호중,F,"11-16, 칩없음, 등산로 입구에서 구조",2.50(Kg)
154,2017(년생),경기도 용인시 처인구 모현면 대지로 407 (모현면),죽전TNR동물병원,031-322-7586,축산정책팀,검정,441554201801588,http://www.animal.go.kr/files/shelter/2018/10/201811061611806_s.jpg,20181106,광주시 오포읍 신현리 일대,[개] 푸들,N,20181116,경기-광주-2018-00992,20181106,031-760-2438,경기도 광주시,http://www.animal.go.kr/files/shelter/2018/10/201811061611806.jpg,보호중,M,"11-15, 칩없음, 등산로 입구에서 구조",4.80(Kg)
155,2016(년생),경기도 용인시 처인구 모현면 대지로 407 (모현면),죽전TNR동물병원,031-322-7586,축산정책팀,검정,441554201801587,http://www.animal.go.kr/files/shelter/2018/10/201811061611120_s.jpg,20181106,광주시 오포읍 신현리 일대,[개] 푸들,N,20181116,경기-광주-2018-00991,20181106,031-760-2438,경기도 광주시,http://www.animal.go.kr/files/shelter/2018/10/201811061611120.jpg,보호중,F,"11-14, 칩없음, 등산로 입구에서 구조",4.80(Kg)
156,2018(년생),경기도 여주시 북내면 강문로 117 (북내면),강아지와고양이AH,031-883-5199,양평군청,검정/갈색,441417201800439,http://www.animal.go.kr/files/shelter/2018/10/201811061711827_s.jpg,20181106,다문리,[개] 믹스견,N,20181116,경기-양평-2018-00439,20181106,031-770-2370,경기도 양평군,http://www.animal.go.kr/files/shelter/2018/10/201811061711827.jpg,보호중,F,.,3.3(Kg)
157,2014(년생),"경기도 가평군 가평읍 아랫마장길 59 (가평읍, 농업기술센터) 가평 유기동물 보호소",가평군유기동물보호소,031-580-4763,오흥식,연갈,441416201800457,http://www.animal.go.kr/files/shelter/2018/10/20181106181123_s.jpg,20181106,가평경찰서,[개] 믹스견,N,20181116,경기-가평-2018-00248,20181106,031-580-4796,경기도 가평군,http://www.animal.go.kr/files/shelter/2018/10/20181106181123.jpg,보호중,M,가평경찰서에서 인수받음. 파란 목걸이 착용/목줄X,22.5(Kg)
158,2018(년생),경기도 여주시 북내면 강문로 117 (북내면),강아지와 고양이,031-883-5199,임현규,흰색/검정색,441407201800408,http://www.animal.go.kr/files/shelter/2018/10/201811061711540_s.jpg,20181106,후안리,[개] 믹스견,N,20181116,경기-이천-2018-00408,20181106,031-644-2612,경기도 이천시,http://www.animal.go.kr/files/shelter/2018/10/201811061711540.jpg,보호중,M,피부질환/갈색 목줄 착용,5.0(Kg)
159,2015(년생),경기도 파주시 미래로 369-13 (동패동) 이마트운정,웰니스클리닉,031-942-7524,조민호,흰색,441406201801031,http://www.animal.go.kr/files/shelter/2018/10/201811062011524_s.jpg,20181106,광탄고등학교 주변,[개] 푸들,Y,20181116,경기-파주-2018-00583,20181106,031-940-4593,경기도 파주시,http://www.animal.go.kr/files/shelter/2018/10/201811062011524.jpg,보호중,M,온순함.,5.00(Kg)
160,2018(년생),"경기도 용인시 처인구 중부대로 1074-1 (삼가동, 용인시 동물보호센터)",용인시 동물보호센터,031-324-3463,유나연,갈색,441405201801747,http://www.animal.go.kr/files/shelter/2018/10/201811061911790_s.jpg,20181106,고림동 임원로,[개] 믹스견,N,20181116,경기-용인-2018-00779,20181106,031-324-3470,경기도 용인시,http://www.animal.go.kr/files/shelter/2018/10/201811061911790.jpg,보호중,M,순둥순둥 똘망이,1.56(Kg)
161,2018(년생),"경기도 용인시 처인구 중부대로 1074-1 (삼가동, 용인시 동물보호센터)",용인시 동물보호센터,031-324-3463,유나연,"검정색, 갈색",441405201801746,http://www.animal.go.kr/files/shelter/2018/10/20181106191183_s.jpg,20181106,고림동 임원로,[개] 믹스견,N,20181116,경기-용인-2018-00778,20181106,031-324-3470,경기도 용인시,http://www.animal.go.kr/files/shelter/2018/10/20181106191183.jpg,보호중,M,순둥순둥 훈남,1.66(Kg)
162,2018(년생),"경기도 용인시 처인구 중부대로 1074-1 (삼가동, 용인시 동물보호센터)",용인시 동물보호센터,031-324-3463,유나연,갈색,441405201801745,http://www.animal.go.kr/files/shelter/2018/10/201811061911676_s.jpg,20181106,고림동 임원로,[개] 믹스견,N,20181116,경기-용인-2018-00777,20181106,031-324-3470,경기도 용인시,http://www.animal.go.kr/files/shelter/2018/10/201811061911676.jpg,보호중,F,순둥순둥 깜찍이,1.44(Kg)
163,2018(년생),"경기도 용인시 처인구 중부대로 1074-1 (삼가동, 용인시 동물보호센터)",용인시 동물보호센터,031-324-3463,유나연,연갈색,441405201801744,http://www.animal.go.kr/files/shelter/2018/10/201811061911338_s.jpg,20181106,고림동 임원로,[개] 믹스견,U,20181116,경기-용인-2018-00776,20181106,031-324-3470,경기도 용인시,http://www.animal.go.kr/files/shelter/2018/10/201811061911338.jpg,보호중,F,순둥순둥 귀요미,1.4(Kg)
164,2014(년생),"경기도 용인시 처인구 중부대로 1074-1 (삼가동, 용인시 동물보호센터)",용인시 동물보호센터,031-324-3463,유나연,"흰색, 갈색",441405201801743,http://www.animal.go.kr/files/shelter/2018/10/201811061911833_s.jpg,20181106,고림동 임원로,[개] 믹스견,U,20181116,경기-용인-2018-00775,20181106,031-324-3470,경기도 용인시,http://www.animal.go.kr/files/shelter/2018/10/201811061911833.jpg,보호중,F,얌전한 순둥이,6(Kg)
165,2014(년생),"경기도 용인시 처인구 중부대로 1074-1 (삼가동, 용인시 동물보호센터)",용인시 동물보호센터,031-324-3463,유나연,"검정, 갈색",441405201801742,http://www.animal.go.kr/files/shelter/2018/10/201811061911466_s.jpg,20181106,고림동 임원로,[개] 닥스훈트,N,20181116,경기-용인-2018-00774,20181106,031-324-3470,경기도 용인시,http://www.animal.go.kr/files/shelter/2018/10/201811061911466.jpg,보호중,M,"보라색 하네스 착용, 에너지가 넘치는 아이",5.7(Kg)
166,2017(년생),"경기도 용인시 처인구 중부대로 1074-1 (삼가동, 용인시 동물보호센터)",용인시 동물보호센터,031-324-3463,유나연,갈색,441405201801740,http://www.animal.go.kr/files/shelter/2018/10/201811061911585_s.jpg,20181106,백옥대로 1370번길 6-4,[개] 푸들,N,20181116,경기-용인-2018-00773,20181106,031-324-3470,경기도 용인시,http://www.animal.go.kr/files/shelter/2018/10/201811061911585.jpg,보호중,M,"빨간 옷 착용, 밝고 명랑",4.6(Kg)
167,2018(년생),경기도 군포시 산본동 213번지 9호 외 1필지 2층,군포시 보호소,031-394-2259,이종설,검정색,441402201800647,http://www.animal.go.kr/files/shelter/2018/10/201811061711360_s.jpg,20181106,당말 지하차도 옆,[개] 믹스견,N,20181116,경기-군포-2018-00421,20181106,031-390-0437,경기도 군포시,http://www.animal.go.kr/files/shelter/2018/10/201811061711360.jpg,보호중,M,-,2.8(Kg)
168,2008(년생),경기도 군포시 산본동 213번지 9호 외 1필지 2층,군포시 보호소,031-394-2259,이종설,흰색,441402201800646,http://www.animal.go.kr/files/shelter/2018/10/20181106161123_s.jpg,20181106,산본시장,[개] 말티즈,N,20181116,경기-군포-2018-00420,20181106,031-390-0437,경기도 군포시,http://www.animal.go.kr/files/shelter/2018/10/20181106161123.jpg,보호중,F,옷,1.7(Kg)
169,2017(년생),경기도 안산시 상록구 청곡길 50 (부곡동) 한국야생동물보호협회,한국야생동물보호협회,031-296-0124,김승현,백갈,441401201801006,http://www.animal.go.kr/files/shelter/2018/10/201811071011440_s.jpg,20181106,미산동 627-3 부근,[고양이] 한국 고양이,N,20181119,경기-시흥-2018-00845,20181106,031-310-2324,경기도 시흥시,http://www.animal.go.kr/files/shelter/2018/10/201811071011440.jpg,종료(자연사),F,입소시자연사.,3(Kg)
170,2018(년생),경기도 오산시 성호대로 36 (오산동),오산시수의사회,031-372-9325,정유리,흑색,441400201800421,http://www.animal.go.kr/files/shelter/2018/10/20181106161173_s.jpg,20181106,수청동628-3,[개] 믹스견,U,20181116,경기-오산-2018-00291,20181106,031-8036-7628,경기도 오산시,http://www.animal.go.kr/files/shelter/2018/10/20181106161173.jpg,보호중,M,사나움,8(Kg)
171,2014(년생),경기도 오산시 성호대로 36 (오산동),오산시수의사회,031-372-9325,정유리,백색,441400201800419,http://www.animal.go.kr/files/shelter/2018/10/201811061011441_s.jpg,20181106,"오산시 박동길 8, 수청동 삼익아파트 102동 7층~8층",[개] 포메라니안,U,20181116,경기-오산-2018-00290,20181106,031-8036-7628,경기도 오산시,http://www.animal.go.kr/files/shelter/2018/10/201811061011441.jpg,보호중,F,미용되어있음,4.5(Kg)
172,2018(년생),경기도 오산시 성호대로 36 (오산동),오산시수의사회,031-372-9325,정유리,치즈,441400201800418,http://www.animal.go.kr/files/shelter/2018/10/201811061011828_s.jpg,20181106,발안로1355,[고양이] 한국 고양이,U,20181116,경기-오산-2018-00289,20181106,031-8036-7628,경기도 오산시,http://www.animal.go.kr/files/shelter/2018/10/201811061011828.jpg,종료(반환),M,식욕부진,0.3(Kg)
173,2016(년생),"경기도 남양주시 금곡로 44 (금곡동, 성원빌딩) 1층",남양주동물보호협회,031-591-7270,류상신,흰색,441399201802014,http://www.animal.go.kr/files/shelter/2018/10/201811062311204_s.jpg,20181106,마석우리,[개] 말티즈,N,20181116,경기-남양주-2018-01566,20181106,031-590-2324,경기도 남양주시,http://www.animal.go.kr/files/shelter/2018/10/201811062311204.jpg,보호중,M,부동산옆에 버려짐.몸줄착용.사람을 잘따름,3.9(Kg)
174,2016(년생),"경기도 남양주시 금곡로 44 (금곡동, 성원빌딩) 1층",남양주동물보호협회,031-591-7270,류상신,흰색,441399201802013,http://www.animal.go.kr/files/shelter/2018/10/201811062311148_s.jpg,20181106,마석우리,[개] 말티즈,N,20181116,경기-남양주-2018-01565,20181106,031-590-2324,경기도 남양주시,http://www.animal.go.kr/files/shelter/2018/10/201811062311148.jpg,보호중,F,부동산옆에 버려짐.몸줄착용.사람을 잘따름,3.2(Kg)
175,2017(년생),"경기도 남양주시 금곡로 44 (금곡동, 성원빌딩) 1층",남양주동물보호협회,031-591-7270,류상신,흰색,441399201802012,http://www.animal.go.kr/files/shelter/2018/10/201811062311767_s.jpg,20181106,퇴계원리,[개] 믹스견,N,20181116,경기-남양주-2018-01564,20181106,031-590-2324,경기도 남양주시,http://www.animal.go.kr/files/shelter/2018/10/201811062311767.jpg,보호중,F,노랑색 목줄착용.겁이많음,5.1(Kg)
176,2014(년생),"경기도 남양주시 금곡로 44 (금곡동, 성원빌딩) 1층",남양주동물보호협회,031-591-7270,류상신,흰색,441399201802011,http://www.animal.go.kr/files/shelter/2018/10/201811062311170_s.jpg,20181106,퇴계원리,[개] 스피츠,N,20181116,경기-남양주-2018-01563,20181106,031-590-2324,경기도 남양주시,http://www.animal.go.kr/files/shelter/2018/10/201811062311170.jpg,보호중,F,목줄없고 경계함,8.7(Kg)
177,2017(년생),"경기도 고양시 덕양구 고양대로 1695 (원흥동, 고양시 농업기술센터) 고양시동물보호센터",고양시동물보호센터,031-962-3232,김동환,흑갈색,441394201802286,http://www.animal.go.kr/files/shelter/2018/10/201811061711228_s.jpg,20181106,행신동 번데미공원 내,[기타축종] 토끼,U,20181116,경기-고양-2018-01531,20181106,031-8075-4604,경기도 고양시,http://www.animal.go.kr/files/shelter/2018/10/201811061711228.jpg,보호중,Q,특징없음,1(Kg)
178,2018(년생),"경기도 고양시 덕양구 고양대로 1695 (원흥동, 고양시 농업기술센터) 고양시동물보호센터",고양시동물보호센터,031-962-3232,김동환,"검정, 갈색, 흰색",441394201802285,http://www.animal.go.kr/files/shelter/2018/10/201811061711931_s.jpg,20181106,행신동 915 부근,[고양이] 한국 고양이,U,20181116,경기-고양-2018-01530,20181106,031-8075-4604,경기도 고양시,http://www.animal.go.kr/files/shelter/2018/10/201811061711931.jpg,보호중,Q,꼬물이,0.1(Kg)
179,2015(년생),"경기도 고양시 덕양구 고양대로 1695 (원흥동, 고양시 농업기술센터) 고양시동물보호센터",고양시동물보호센터,031-962-3232,김동환,흰색,441394201802284,http://www.animal.go.kr/files/shelter/2018/10/201811061611887[1]_s.jpg,20181106,원흥동 삼송마을14단지 내,[개] 진도견,N,20181116,경기-고양-2018-01529,20181106,031-8075-4604,경기도 고양시,http://www.animal.go.kr/files/shelter/2018/10/201811061611887[1].jpg,보호중,M,특징없음,18(Kg)
180,2016(년생),"경기도 고양시 덕양구 고양대로 1695 (원흥동, 고양시 농업기술센터) 고양시동물보호센터",고양시동물보호센터,031-962-3232,김동환,흰색,441394201802283,http://www.animal.go.kr/files/shelter/2018/10/201811061511735_s.jpg,20181106,법곳동 1707,[개] 그레이트 피레니즈,U,20181116,경기-고양-2018-01528,20181106,031-8075-4604,경기도 고양시,http://www.animal.go.kr/files/shelter/2018/10/201811061511735.jpg,종료(반환),F,특징없음,40(Kg)
181,2014(년생),"경기도 고양시 덕양구 고양대로 1695 (원흥동, 고양시 농업기술센터) 고양시동물보호센터",고양시동물보호센터,031-962-3232,김동환,갈색,441394201802282,http://www.animal.go.kr/files/shelter/2018/10/20181106111178_s.jpg,20181106,산황동 844,[개] 푸들,Y,20181116,경기-고양-2018-01527,20181106,031-8075-4604,경기도 고양시,http://www.animal.go.kr/files/shelter/2018/10/20181106111178.jpg,보호중,M,단미,7(Kg)
182,2017(년생),경기도 안산시 상록구 청곡길 50 (부곡동) 안산시 상록구 부곡동 231-5,(사)한동보,031-296-0124,김미연,흑갈백,441393201801705,http://www.animal.go.kr/files/shelter/2018/10/201811071011603_s.jpg,20181106,안산119 구조대에서 인수,[개] 믹스견,N,20181119,경기-안산-2018-01434,20181106,031-481-3207,경기도 안산시,http://www.animal.go.kr/files/shelter/2018/10/201811071011603.jpg,보호중,M,"주황목줄,전체미용",15(Kg)
183,2018(년생),경기도 안산시 상록구 청곡길 50 (부곡동) 안산시 상록구 부곡동 231-5,(사)한동보,031-296-0124,김미연,흑갈백,441393201801704,http://www.animal.go.kr/files/shelter/2018/10/20181107101117_s.jpg,20181106,대부북동610-2 부근,[개] 믹스견,N,20181119,경기-안산-2018-01433,20181106,031-481-3207,경기도 안산시,http://www.animal.go.kr/files/shelter/2018/10/20181107101117.jpg,보호중,M,"주인이 유기,1개월추정",1.5(Kg)
184,2018(년생),경기도 안산시 상록구 청곡길 50 (부곡동) 안산시 상록구 부곡동 231-5,(사)한동보,031-296-0124,김미연,흑갈백,441393201801703,http://www.animal.go.kr/files/shelter/2018/10/201811071011302_s.jpg,20181106,대부북동610-2 부근,[개] 믹스견,N,20181119,경기-안산-2018-01432,20181106,031-481-3207,경기도 안산시,http://www.animal.go.kr/files/shelter/2018/10/201811071011302.jpg,보호중,M,"주인이 유기,1개월추정",1.5(Kg)
185,2010(년생),경기도 안산시 상록구 청곡길 50 (부곡동) 안산시 상록구 부곡동 231-5,(사)한동보,031-296-0124,김미연,갈,441393201801702,http://www.animal.go.kr/files/shelter/2018/10/201811061111547_s.jpg,20181106,오목로 180 부근,[개] 푸들,U,20181119,경기-안산-2018-01431,20181106,031-481-3207,경기도 안산시,http://www.animal.go.kr/files/shelter/2018/10/201811061111547.jpg,보호중,F,"귀 발 미용,초록 노끈,꼬리단미,비만",6.5(Kg)
186,2018(년생),경기도 안산시 상록구 청곡길 50 (부곡동) 안산시 상록구 부곡동 231-5,(사)한동보,031-296-0124,김미연,갈흑백,441393201801700,http://www.animal.go.kr/files/shelter/2018/10/201811061111810_s.jpg,20181106,청룡길 21-5 부근,[고양이] 한국 고양이,U,20181119,경기-안산-2018-01430,20181106,031-481-3207,경기도 안산시,http://www.animal.go.kr/files/shelter/2018/10/201811061111810.jpg,보호중,M,"8개월추정,코피,콧물",2(Kg)
187,2015(년생),경기도 평택시 진위면 야막길 108-86 (진위면),평택시유기동물보호소,031-8024-3849,평택시,기타,441391201802360,http://www.animal.go.kr/files/shelter/2018/10/201811061611910_s.jpg,20181106,대사리 101-7,[개] 믹스견,N,20181116,경기-평택-2018-02058,20181106,031-8024-3806,경기도 평택시,http://www.animal.go.kr/files/shelter/2018/10/201811061611910.jpg,보호중,F,경계함,6(Kg)
188,2018(년생),경기도 평택시 진위면 야막길 108-86 (진위면),평택시유기동물보호소,031-8024-3849,평택시,흰색,441391201802359,http://www.animal.go.kr/files/shelter/2018/10/20181106161113_s.jpg,20181106,포승 명지미래힐,[개] 믹스견,N,20181116,경기-평택-2018-02057,20181106,031-8024-3806,경기도 평택시,http://www.animal.go.kr/files/shelter/2018/10/20181106161113.jpg,보호중,F,피부병,4.2(Kg)
189,2016(년생),경기도 평택시 진위면 야막길 108-86 (진위면),평택시유기동물보호소,031-8024-3849,평택시,갈색,441391201802358,http://www.animal.go.kr/files/shelter/2018/10/201811061611407_s.jpg,20181106,지제로 133-11,[개] 푸들,Y,20181116,경기-평택-2018-02056,20181106,031-8024-3806,경기도 평택시,http://www.animal.go.kr/files/shelter/2018/10/201811061611407.jpg,보호중,M,중성화,3.8(Kg)
190,2017(년생),경기도 평택시 진위면 야막길 108-86 (진위면),평택시유기동물보호소,031-8024-3849,평택시,갈색,441391201802357,http://www.animal.go.kr/files/shelter/2018/10/20181106161134_s.jpg,20181106,서정동 586-6,[개] 믹스견,N,20181116,경기-평택-2018-02055,20181106,031-8024-3806,경기도 평택시,http://www.animal.go.kr/files/shelter/2018/10/20181106161134.jpg,보호중,F,순함,20(Kg)
191,2018(년생),경기도 평택시 진위면 야막길 108-86 (진위면),평택시유기동물보호소,031-8024-3849,평택시,기타,441391201802356,http://www.animal.go.kr/files/shelter/2018/10/201811061611373_s.jpg,20181106,비전동 럭키덕동,[고양이] 한국 고양이,N,20181116,경기-평택-2018-02054,20181106,031-8024-3806,경기도 평택시,http://www.animal.go.kr/files/shelter/2018/10/201811061611373.jpg,보호중,M,"탈수, 감기",0.2(Kg)
192,2018(년생),경기도 평택시 진위면 야막길 108-86 (진위면),평택시유기동물보호소,031-8024-3849,평택시,기타,441391201802355,http://www.animal.go.kr/files/shelter/2018/10/201811061611143_s.jpg,20181106,비전동 럭키덕동,[고양이] 한국 고양이,N,20181116,경기-평택-2018-02053,20181106,031-8024-3806,경기도 평택시,http://www.animal.go.kr/files/shelter/2018/10/201811061611143.jpg,보호중,M,"탈수, 감기",0.2(Kg)
193,2012(년생),경기도 평택시 진위면 야막길 108-86 (진위면),평택시유기동물보호소,031-8024-3849,평택시,검정,441391201802347,http://www.animal.go.kr/files/shelter/2018/10/201811061011741[1]_s.jpg,20181106,만호 파출소,[개] 푸들,Y,20181116,경기-평택-2018-02052,20181106,031-8024-3806,경기도 평택시,http://www.animal.go.kr/files/shelter/2018/10/201811061011741[1].jpg,보호중,M,"중성화되있음, 털엉김심함",4.7(Kg)
194,2017(년생),경기도 평택시 진위면 야막길 108-86 (진위면),평택시유기동물보호소,031-8024-3849,평택시,"흰,검정",441391201802345,http://www.animal.go.kr/files/shelter/2018/10/201811061011556_s.jpg,20181106,평택 우체국,[개] 믹스견,N,20181116,경기-평택-2018-02051,20181106,031-8024-3806,경기도 평택시,http://www.animal.go.kr/files/shelter/2018/10/201811061011556.jpg,보호중,F,빨간 가슴줄착용,2.9(Kg)
195,2014(년생),경기도 안산시 상록구 청곡길 50 (부곡동) 한국야생동물보호협회,한국야생동물보호협회,031-296-0124,광명시 도시농업과,흑갈,441390201800440,http://www.animal.go.kr/files/shelter/2018/10/201811071111721_s.jpg,20181106,오리로923 부근,[개] 요크셔 테리어,Y,20181119,경기-광명-2018-00313,20181106,02-2680-6446,경기도 광명시,http://www.animal.go.kr/files/shelter/2018/10/201811071111721.jpg,종료(반환),F,"꼬리김, 주인 연락됨",2.5(Kg)
196,2014(년생),경기도 안산시 상록구 청곡길 50 (부곡동) 한국야생동물보호협회,한국야생동물보호협회,031-296-0124,광명시 도시농업과,백,441390201800430,http://www.animal.go.kr/files/shelter/2018/10/201811061011761_s.jpg,20181106,가학동16 부근,[개] 스피츠,U,20181119,경기-광명-2018-00312,20181106,02-2680-6446,경기도 광명시,http://www.animal.go.kr/files/shelter/2018/10/201811061011761.jpg,보호중,F,"3일날 발견,주인이 유기추정,마름",4(Kg)
197,2014(년생),경기도 안산시 상록구 청곡길 50 (부곡동) 한국야생동물보호협회,한국야생동물보호협회,031-296-0124,광명시 도시농업과,갈흑백,441390201800429,http://www.animal.go.kr/files/shelter/2018/10/201811061011920_s.jpg,20181106,가학동16 부근,[개] 셔틀랜드 쉽독,U,20181119,경기-광명-2018-00311,20181106,02-2680-6446,경기도 광명시,http://www.animal.go.kr/files/shelter/2018/10/201811061011920.jpg,보호중,F,"3일날 발견,주인이 유기추정,성대수술,마름",10(Kg)
198,2016(년생),경기도 부천시 오정구 원종동 229-8,24시아이동물메디컬,032-677-5262,,흰색.회색,441386201802313,http://www.animal.go.kr/files/shelter/2018/10/20181106221175_s.jpg,20181106,상동235-20,[고양이] 친칠라 믹스,Y,20181116,경기-부천-2018-01208,20181106,032-625-2786,경기도 부천시,http://www.animal.go.kr/files/shelter/2018/10/20181106221175.jpg,보호중,M,순함.깨끗하고 사람을잘따름. 중성화되어있음,4(Kg)
199,2016(년생),경기도 부천시 오정구 원종동 229-8,24시아이동물메디컬,032-677-5262,,흰색,441386201802312,http://www.animal.go.kr/files/shelter/2018/10/201811061711958_s.jpg,20181106,제이드카운티 1단지,[개] 말티즈,Y,20181116,경기-부천-2018-01207,20181106,032-625-2786,경기도 부천시,http://www.animal.go.kr/files/shelter/2018/10/201811061711958.jpg,보호중,M,"중성화 되어있고 귀,꼬리 남기고 미용되어있음. 순함",3(Kg)
200,2016(년생),"경기도 성남시 분당구 불정로 266 (수내동, 유신제일조합)",펫토피아동물병원,031-714-8392,정진아,갈,441378201802472,http://www.animal.go.kr/files/shelter/2018/10/201811061911432_s.jpg,20181106,상대원3005,[고양이] 샴,U,20181116,경기-성남-2018-01173,20181106,031-729-2612,경기도 성남시,http://www.animal.go.kr/files/shelter/2018/10/201811061911432.jpg,보호중,F,온순함,3.6(Kg)
201,2016(년생),"경기도 성남시 분당구 불정로 266 (수내동, 유신제일조합)",펫토피아동물병원,031-714-8392,정진아,노랑연두파랑,441378201802471,http://www.animal.go.kr/files/shelter/2018/10/20181106131130[1]_s.jpg,20181106,단대동 169,[기타축종] 앵무새,U,20181116,경기-성남-2018-01172,20181106,031-729-2612,경기도 성남시,http://www.animal.go.kr/files/shelter/2018/10/20181106131130[1].jpg,종료(반환),Q,상태관찰요함,1(Kg)
202,2017(년생),"경기도 성남시 분당구 불정로 266 (수내동, 유신제일조합)",펫토피아동물병원,031-714-8392,정진아,갈색,441378201802470,http://www.animal.go.kr/files/shelter/2018/10/201811061311963_s.jpg,20181106,장안로 25번길28,[기타축종] 고슴도치,U,20181116,경기-성남-2018-01171,20181106,031-729-2612,경기도 성남시,http://www.animal.go.kr/files/shelter/2018/10/201811061311963.jpg,보호중,M,건강상태양호,0.3(Kg)
203,2016(년생),"경기도 성남시 분당구 불정로 266 (수내동, 유신제일조합)",펫토피아동물병원,031-714-8392,정진아,갈색,441378201802469,http://www.animal.go.kr/files/shelter/2018/10/201811061311200_s.jpg,20181106,성남동 2090,[개] 믹스견,Y,20181116,경기-성남-2018-01170,20181106,031-729-2612,경기도 성남시,http://www.animal.go.kr/files/shelter/2018/10/201811061311200.jpg,보호중,M,"건강상태양호,중성화 됨,사람잘따름",5.5(Kg)
204,2015(년생),경기도 수원시 영통구 인계로220번길 20 (매탄동),방실웃는 동물병원,031-212-1999,노선영,흰색,441374201802411,http://www.animal.go.kr/files/shelter/2018/10/201811061611414_s.jpg,20181106,인계동 야자호텔 주차장,[기타축종] 토끼,N,20181113,경기-수원-2018-01387,20181106,031-228-3317,경기도 수원시,http://www.animal.go.kr/files/shelter/2018/10/201811061611414.jpg,보호중,M,착함,1.9(Kg)
205,2015(년생),경기도 수원시 장안구 송원로 83 (조원동) 장안동물병원,장안동물병원,031-245-8961,노선영,검회,441374201802410,http://www.animal.go.kr/files/shelter/2018/10/20181106161152_s.jpg,20181106,권선1동,[고양이] 한국 고양이,U,20181113,경기-수원-2018-01386,20181106,031-228-3317,경기도 수원시,http://www.animal.go.kr/files/shelter/2018/10/20181106161152.jpg,보호중,M,교통사고  기립곤란,5(Kg)
206,2014(년생),경기도 수원시 권선구 권선동 1192-2,고병기동물병원,031-236-7582,노선영,갈백,441374201802409,http://www.animal.go.kr/files/shelter/2018/10/201811061211132_s.jpg,20181106,원천동 홈플러스 부근,[고양이] 한국 고양이,N,20181113,경기-수원-2018-01385,20181106,031-228-3317,경기도 수원시,http://www.animal.go.kr/files/shelter/2018/10/201811061211132.jpeg,종료(자연사),M,기립불능과 기력이 없음,4.0(Kg)
207,2017(년생),"울산광역시 북구 진장유통로 64 (진장동, 롯데마트) 4층 쿨펫동물병원",쿨펫동물병원,052-288-7572,김기성,흰색,431372201800513,http://www.animal.go.kr/files/shelter/2018/10/201811061311712_s.jpg,20181106,진장 3길 26 세차장 앞,[개] 믹스견,N,20181116,울산-북구-2018-00341,20181106,052-241-8083,울산광역시 북구,http://www.animal.go.kr/files/shelter/2018/10/201811061311712.jpg,보호중,F,겁많음,8.4(Kg)
208,2016(년생),울산광역시 동구 방어진순환도로 645 (일산동),일산동물의료센터,052-252-5878,울산광역시 동구,삼색,431371201800383,http://www.animal.go.kr/files/shelter/2018/10/201811061811100_s.jpg,20181106,미포조선정문,[고양이] 한국 고양이,U,20181116,울산-동구-2018-00306,20181106,052-209-3538,울산광역시 동구,http://www.animal.go.kr/files/shelter/2018/10/201811061811100.png,보호중,Q,"교통사고,뒷다리골절",3.01(Kg)
209,2018(년생),울산광역시 남구 돋질로 232 (달동) 1층,강남동물병원,052-271-0075,방효빈,크림색,431370201801222,http://www.animal.go.kr/files/shelter/2018/10/201811061811410_s.jpg,20181106,태화강역 인근,[개] 믹스견,N,20181115,울산-남구-2018-00894,20181106,052-226-5663,울산광역시 남구,http://www.animal.go.kr/files/shelter/2018/10/201811061811410.jpg,보호중,F,아직어려 많이 짖음,3.80(Kg)
210,2011(년생),울산광역시 남구 돋질로 232 (달동) 1층,강남동물병원,052-271-0075,방효빈,애프리,431370201801221,http://www.animal.go.kr/files/shelter/2018/10/201811061811746_s.jpg,20181106,남구월평로69번길가게앞,[개] 푸들,Y,20181115,울산-남구-2018-00893,20181106,052-226-5663,울산광역시 남구,http://www.animal.go.kr/files/shelter/2018/10/201811061811746.jpg,보호중,M,우측전지골절상태장기로부정유합,5.60(Kg)
211,2016(년생),"광주광역시 북구 본촌마을길 25 (본촌동, 건국동사무소) 광주 동물보호소",광주 동물보호소,062-571-2808,광산구,검흰,429363201800652,http://www.animal.go.kr/files/shelter/2018/10/201811061711108_s.jpg,20181106,광산구 쌍암동,[개] 믹스견,N,20181116,광주-광산-2018-00650,20181106,062-571-2808,광주광역시 광산구,http://www.animal.go.kr/files/shelter/2018/10/201811061711108.jpg,보호중,M,18-1530해피,4.9(Kg)
212,2015(년생),"광주광역시 북구 본촌마을길 25 (본촌동, 건국동사무소) 광주 동물보호소",광주 동물보호소,062-571-2808,북구,흰,429362201800940,http://www.animal.go.kr/files/shelter/2018/10/201811061711132_s.jpg,20181106,북구 양산동,[개] 믹스견,N,20181116,광주-북구-2018-00938,20181106,062-410-6557,광주광역시 북구,http://www.animal.go.kr/files/shelter/2018/10/201811061711132.jpg,종료(반환),F,18-1531말리 우측전지부상,15(Kg)
213,2018(년생),"광주광역시 북구 본촌마을길 25 (본촌동, 건국동사무소) 광주 동물보호소",광주 동물보호소,062-571-2808,북구,"갈,흰",429362201800939,http://www.animal.go.kr/files/shelter/2018/10/201811061511974_s.jpg,20181106,북구 오치동,[개] 믹스견,U,20181116,광주-북구-2018-00937,20181106,062-410-6557,광주광역시 북구,http://www.animal.go.kr/files/shelter/2018/10/201811061511974.jpg,보호중,F,18-1528 귤이,3.8(Kg)
214,2018(년생),"광주광역시 북구 본촌마을길 25 (본촌동, 건국동사무소) 광주 동물보호소",광주 동물보호소,062-571-2808,북구,"갈,흰",429362201800938,http://www.animal.go.kr/files/shelter/2018/10/20181106141191_s.jpg,20181106,북구 오치동,[개] 믹스견,U,20181116,광주-북구-2018-00936,20181106,062-410-6557,광주광역시 북구,http://www.animal.go.kr/files/shelter/2018/10/20181106141191.jpg,보호중,F,18-1527 감이,4.2(Kg)
215,2018(년생),"인천광역시 강화군 강화읍 강화대로 217 (강화읍, 린나이보일러)",베스트동물병원,032-934-9340,강화군청,"흰색, 연갈색, 검갈색",428357201800706,http://www.animal.go.kr/files/shelter/2018/10/201811062111341_s.jpg,20181106,길상면 선두리 1-10,[개] 믹스견,N,20181116,인천-강화-2018-00458,20181106,032-934-9340,인천광역시 강화군,http://www.animal.go.kr/files/shelter/2018/10/201811062111341.jpg,보호중,F,생후 45일령,1.32(Kg)
216,2018(년생),"인천광역시 강화군 강화읍 강화대로 217 (강화읍, 린나이보일러)",베스트동물병원,032-934-9340,강화군청,"흰색, 검갈색,연갈색",428357201800705,http://www.animal.go.kr/files/shelter/2018/10/201811062111907_s.jpg,20181106,길상면 선두리 1-10,[개] 믹스견,N,20181116,인천-강화-2018-00457,20181106,032-934-9340,인천광역시 강화군,http://www.animal.go.kr/files/shelter/2018/10/201811062111907.jpg,보호중,F,생후45일령,1.06(Kg)
217,2018(년생),"인천광역시 강화군 강화읍 강화대로 217 (강화읍, 린나이보일러)",베스트동물병원,032-934-9340,강화군청,"흰색, 검갈색",428357201800704,http://www.animal.go.kr/files/shelter/2018/10/20181106211165_s.jpg,20181106,길상면 선두리 1-10,[개] 믹스견,N,20181116,인천-강화-2018-00456,20181106,032-934-9340,인천광역시 강화군,http://www.animal.go.kr/files/shelter/2018/10/20181106211165.jpg,보호중,F,생후45일령,1.32(Kg)
218,2018(년생),"인천광역시 강화군 강화읍 강화대로 217 (강화읍, 린나이보일러)",베스트동물병원,032-934-9340,강화군청,"흰색, 연갈색, 검은색",428357201800703,http://www.animal.go.kr/files/shelter/2018/10/201811062111301_s.jpg,20181106,길상면 선두리 1-10,[개] 믹스견,N,20181116,인천-강화-2018-00455,20181106,032-934-9340,인천광역시 강화군,http://www.animal.go.kr/files/shelter/2018/10/201811062111301.jpg,보호중,F,생후45일령,1.44(Kg)
219,2018(년생),"인천광역시 강화군 강화읍 강화대로 217 (강화읍, 린나이보일러)",베스트동물병원,032-934-9340,강화군청,"연갈색, 검갈색",428357201800700,http://www.animal.go.kr/files/shelter/2018/10/20181106121114_s.jpg,20181106,선두리 1-10,[개] 믹스견,N,20181116,인천-강화-2018-00454,20181106,032-934-9340,인천광역시 강화군,http://www.animal.go.kr/files/shelter/2018/10/20181106121114.jpg,보호중,F,가슴부분 흰색,1.24(Kg)
220,2018(년생),"인천광역시 강화군 강화읍 강화대로 217 (강화읍, 린나이보일러)",베스트동물병원,032-934-9340,강화군청,"회색, 흰색",428357201800699,http://www.animal.go.kr/files/shelter/2018/10/201811061211639_s.jpg,20181106,선두리 1-10,[개] 믹스견,N,20181116,인천-강화-2018-00453,20181106,032-934-9340,인천광역시 강화군,http://www.animal.go.kr/files/shelter/2018/10/201811061211639.jpg,보호중,F,"가슴,양 앞발부분 흰색",6.96(Kg)
221,2016(년생),"인천광역시 강화군 강화읍 강화대로 217 (강화읍, 린나이보일러)",베스트동물병원,032-934-9340,강화군청,"갈색, 흰색",428357201800698,http://www.animal.go.kr/files/shelter/2018/10/201811061211894_s.jpg,20181106,선두리 1-10,[개] 믹스견,N,20181116,인천-강화-2018-00452,20181106,032-934-9340,인천광역시 강화군,http://www.animal.go.kr/files/shelter/2018/10/201811061211894.jpg,보호중,F,가슴부분 흰색,6.96(Kg)
222,2018(년생),인천광역시 서구 가정동 517-32,가정동물병원,032-575-0835,장채현,검정,428356201801349,http://www.animal.go.kr/files/shelter/2018/10/201811061411256_s.jpg,20181106,석남동일대,[고양이] 한국 고양이,U,20181116,인천-서구-2018-01045,20181106,032-560-4456,인천광역시 서구,http://www.animal.go.kr/files/shelter/2018/10/201811061411256.jpg,종료(안락사),Q,설사.침울.탈수.범백양성,1(Kg)
223,2016(년생),인천광역시 서구 가정동 517-32,가정동물병원,032-575-0835,장채현,흰검,428356201801348,http://www.animal.go.kr/files/shelter/2018/10/20181106141131_s.jpg,20181106,신석체육공원,[고양이] 터키시 앙고라,U,20181116,인천-서구-2018-01044,20181106,032-560-4456,인천광역시 서구,http://www.animal.go.kr/files/shelter/2018/10/20181106141131.jpg,종료(자연사),F,항문낭염.오드아이,2(Kg)
224,2017(년생),인천광역시 동구 솔빛로 2 (송현동),인천종합동물병원,032-765-0112,최현영,검정+갈색,428350201800246,http://www.animal.go.kr/files/shelter/2018/10/201811061611916_s.jpg,20181106,송림동 지구대 근처,[고양이] 한국 고양이,U,20181116,인천-동구-2018-00191,20181106,032-770-6383,인천광역시 동구,http://www.animal.go.kr/files/shelter/2018/10/201811061611916.jpg,보호중,F,기력없음,2.1(Kg)
225,2018(년생),대구광역시 달성군 화원읍 사문진로 447 (화원읍) 화원읍 관할,화원연합동물병원,053-634-7975,달성군,흰갈,427348201801017,http://www.animal.go.kr/files/shelter/2018/10/201811061611499_s.jpg,20181106,화원 태왕리더스 아파트 인근,[고양이] 한국 고양이,N,20181116,대구-달성-2018-00804,20181106,053-668-3864,대구광역시 달성군,http://www.animal.go.kr/files/shelter/2018/10/201811061611499.jpg,보호중,M,2개월령. 양쪽 귀끝에 피부병변. 사람손을 매우 잘탐,1.2(Kg)
226,2015(년생),대구광역시 달성군 현풍면 원교길 6 (현풍면) 구지면 관할,달성축산동물병원,053-614-3775,달성군,흰색,427348201801016,http://www.animal.go.kr/files/shelter/2018/10/201811061511404_s.jpg,20181106,현풍 축산물 도매시장,[개] 믹스견,U,20181116,대구-달성-2018-00803,20181106,053-668-3864,대구광역시 달성군,http://www.animal.go.kr/files/shelter/2018/10/201811061511404.jpg,보호중,F,"탈수,탈진,저체온증,철사줄에 감긴 피부 괴사",2.16(Kg)
227,2018(년생),대구광역시 달성군 다사읍 달구벌대로 893 (다사읍),119동물병원,053-585-1195,달성군,"백, 갈, 흑",427348201801015,http://www.animal.go.kr/files/shelter/2018/10/201811061411800_s.jpg,20181106,다사읍 세천리 근린공원,[고양이] 한국 고양이,N,20181116,대구-달성-2018-00802,20181106,053-668-3864,대구광역시 달성군,http://www.animal.go.kr/files/shelter/2018/10/201811061411800.jpg,보호중,Q,기력 소실,0.2(Kg)
228,2018(년생),대구광역시 달성군 다사읍 달구벌대로 893 (다사읍),119동물병원,053-585-1195,달성군,"갈, 흑, 백",427348201801014,http://www.animal.go.kr/files/shelter/2018/10/201811061411613[1]_s.jpg,20181106,다사읍 문산리 낙동강변,[개] 믹스견,N,20181116,대구-달성-2018-00801,20181106,053-668-3864,대구광역시 달성군,http://www.animal.go.kr/files/shelter/2018/10/201811061411613[1].jpg,보호중,M,.,1.5(Kg)
229,2018(년생),대구광역시 중구 동인동4가 국채보상로 724 (동인동4가) 가창면 관할,동인동물병원,053-424-4258,달성군,검정,427348201801013,http://www.animal.go.kr/files/shelter/2018/10/20181106141153_s.jpg,20181106,가창댐근처,[개] 프렌치 불독,N,20181116,대구-달성-2018-00800,20181106,053-668-3864,대구광역시 달성군,http://www.animal.go.kr/files/shelter/2018/10/20181106141153.jpeg,보호중,M,순함,3(Kg)
230,2016(년생),대구광역시 달성군 현풍면 원교길 6 (현풍면) 구지면 관할,달성축산동물병원,053-614-3775,달성군,황갈,427348201801012,http://www.animal.go.kr/files/shelter/2018/10/201811061111436_s.jpg,20181106,현풍시장,[개] 믹스견,N,20181116,대구-달성-2018-00799,20181106,053-668-3864,대구광역시 달성군,http://www.animal.go.kr/files/shelter/2018/10/201811061111436.jpg,보호중,M,파란 목줄,12.47(Kg)
231,2018(년생),대구광역시 수성구 수성동2가 명덕로 421 (수성동2가) 4호,허동물병원,053-752-7535,경제환경과,"흰색,검정,노랑",427346201801094,http://www.animal.go.kr/files/shelter/2018/10/201811061311152_s.jpg,20181106,범어동215-19,[고양이] 한국 고양이,N,20181116,대구-수성-2018-00690,20181106,053-666-2606,대구광역시 수성구,http://www.animal.go.kr/files/shelter/2018/10/201811061311152.jpeg,종료(자연사),F,"사지마비,탈진,기력없음",0.5(Kg)
232,2018(년생),대구광역시 서구 국채보상로 176 (중리동),대구시수의사회(더난),053-552-0075,손규희,토터쉘(모자이크 무늬),427343201800917,http://www.animal.go.kr/files/shelter/2018/10/201811061711433_s.jpg,20181106,평라푸르지오시장안,[고양이] 한국 고양이,N,20181116,대구-서구-2018-00625,20181106,053-663-2644,대구광역시 서구,http://www.animal.go.kr/files/shelter/2018/10/201811061711433.jpg,보호중,F,.,0.7(Kg)
233,2016(년생),대구광역시 서구 달서로 165 (비산동),대구시수의사회(보경),053-559-9020,손규희,흰색,427343201800916,http://www.animal.go.kr/files/shelter/2018/10/201811061711581_s.jpg,20181106,서구 비산1동 자율방범대 부근,[개] 진도견,N,20181116,대구-서구-2018-00624,20181106,053-663-2644,대구광역시 서구,http://www.animal.go.kr/files/shelter/2018/10/201811061711581.jpg,종료(반환),F,온순함  목줄 있는 상태로 발견,20(Kg)
234,2011(년생),대구광역시 서구 달서로 165 (비산동),대구시수의사회(보경),053-559-9020,손규희,갈색,427343201800915,http://www.animal.go.kr/files/shelter/2018/10/201811061211356_s.jpg,20181106,서구 국채보상로 50길 50-29,[개] 믹스견,Y,20181116,대구-서구-2018-00623,20181106,053-663-2644,대구광역시 서구,http://www.animal.go.kr/files/shelter/2018/10/201811061211356.jpg,종료(반환),M,온순함 사진의 옷 착용 상태로 발견,3.5(Kg)
235,2011(년생),대구광역시 서구 달서로 165 (비산동),대구시수의사회(보경),053-559-9020,손규희,갈색,427343201800914,http://www.animal.go.kr/files/shelter/2018/10/201811061211918_s.jpg,20181106,서구 국채보상로 50길 50-29 일대,[개] 믹스견,U,20181116,대구-서구-2018-00622,20181106,053-663-2644,대구광역시 서구,http://www.animal.go.kr/files/shelter/2018/10/201811061211918.jpg,종료(반환),F,사진의 옷 착용 상태로 발견,2.5(Kg)
236,2018(년생),대구광역시 중구 동인동4가 국채보상로 724,대구시수의사회(동인),070-4466-1575,중구 손세규,검정,427341201800351,http://www.animal.go.kr/files/shelter/2018/10/201811061411871_s.jpg,20181106,중부소방서,[고양이] 한국 고양이,U,20181116,대구-중구-2018-00216,20181106,053-661-2644,대구광역시 중구,http://www.animal.go.kr/files/shelter/2018/10/201811061411871.jpeg,보호중,Q,,1(Kg)
237,2018(년생),부산광역시 강서구 가락대로1283번길 25-2 (봉림동),유기동물및동물보호협,051-971-6208,배수영,노란,426339201800686,http://www.animal.go.kr/files/shelter/2018/10/201811060911390_s.jpg,20181106,새벽시장로 56번길 16-8,[고양이] 한국 고양이,U,20181116,부산-사상-2018-00470,20181106,051-310-4784,부산광역시 사상구,http://www.animal.go.kr/files/shelter/2018/10/201811060911390.jpg,보호중,Q,사상구-485,1.5(Kg)
238,2013(년생),부산광역시 강서구 가락대로1283번길 25-2 (봉림동),유기동물및동물보호협,051-971-6208,배수영,연갈색,426339201800685,http://www.animal.go.kr/files/shelter/2018/10/201811060911508_s.jpg,20181106,광장로 37번길 66,[개] 믹스견,U,20181116,부산-사상-2018-00469,20181106,051-310-4784,부산광역시 사상구,http://www.animal.go.kr/files/shelter/2018/10/201811060911508.jpg,보호중,F,사상구-484,4(Kg)
239,2012(년생),부산광역시 강서구 가락대로1283번길 25-2 (봉림동),유기동물및동물보호협,051-971-6208,배수영,흰색,426339201800683,http://www.animal.go.kr/files/shelter/2018/10/201811060911136_s.jpg,20181106,구청 당직실,[개] 믹스견,U,20181116,부산-사상-2018-00467,20181106,051-310-4784,부산광역시 사상구,http://www.animal.go.kr/files/shelter/2018/10/201811060911136.jpg,보호중,M,사상구-482(대형견),25(Kg)
240,2016(년생),부산광역시 연제구 온천천남로 4 (연산동),청조동물병원,051-503-0688,장슬기,갈색,426337201802570,http://www.animal.go.kr/files/shelter/2018/10/201811061511334_s.jpg,20181106,황령산로 530 인근,[개] 코카 스파니엘,N,20181116,부산-연제-2018-00397,20181106,051-665-4482,부산광역시 연제구,http://www.animal.go.kr/files/shelter/2018/10/201811061511334.jpg,보호중,F,"불량(쇠약;안구돌출), 연제구 1-207호",3(Kg)
241,2018(년생),부산광역시 연제구 온천천남로 4 (연산동),청조동물병원,051-503-0688,장슬기,갈/은회색,426337201802569,http://www.animal.go.kr/files/shelter/2018/10/201811061511358_s.jpg,20181106,반송로 88 인근,[고양이] 페르시안-페프시안 친칠라,N,20181116,부산-연제-2018-00396,20181106,051-665-4482,부산광역시 연제구,http://www.animal.go.kr/files/shelter/2018/10/201811061511358.jpg,보호중,M,"불량(쇠약), 연제구 2-180호",2(Kg)
242,2018(년생),부산광역시 연제구 온천천남로 4 (연산동),청조동물병원,051-503-0688,장슬기,흰/검정색,426337201802568,http://www.animal.go.kr/files/shelter/2018/10/201811061511555_s.jpg,20181106,거제천로 209 인근,[고양이],N,20181116,부산-연제-2018-00395,20181106,051-665-4482,부산광역시 연제구,http://www.animal.go.kr/files/shelter/2018/10/201811061511555.jpg,보호중,M,"불량(쇠약), 연제구 2-179호",0.5(Kg)
243,2018(년생),부산광역시 강서구 가락대로1283번길 25-2 (봉림동),유기동물및동물보호협,051-971-6208,이시윤,갈색,426332201800507,http://www.animal.go.kr/files/shelter/2018/10/201811060911439_s.jpg,20181106,낙동대로1722번길,[개] 믹스견,U,20181116,부산-북구-2018-00362,20181106,051-309-4651,부산광역시 북구,http://www.animal.go.kr/files/shelter/2018/10/201811060911439.png,보호중,F,갈색,4(Kg)
244,2018(년생),부산광역시 해운대구 해운대로 1252 (송정동),누리동물병원,051-701-7593,양민규,흰색,426330201800356,http://www.animal.go.kr/files/shelter/2018/10/201811061311156_s.jpg,20181106,충렬대로 202번길77 제일장미아파트 b동501호,[개] 믹스견,N,20181116,부산-동래-2018-00361,20181106,051-550-4916,부산광역시 동래구,http://www.animal.go.kr/files/shelter/2018/10/201811061311156.jpg,보호중,M,"검정색목줄,기력없음",6.8(Kg)
245,2018(년생),서울특별시 관악구 남부순환로 1451 (신림동) 러브펫종합동물병원,러브펫종합동물병원,02-837-8875,손원경,흰갈,411320201801579,http://www.animal.go.kr/files/shelter/2018/10/201811061511313_s.jpg,20181106,인헌초등학교,[고양이] 한국 고양이,N,20181116,서울-관악-2018-00777,20181106,02-879-6694,서울특별시 관악구,http://www.animal.go.kr/files/shelter/2018/10/201811061511313.jpg,보호중,F,"구청신고됨,탈진,결막염,설사,이유식급여",0.8(Kg)
246,2018(년생),서울특별시 관악구 남부순환로 1451 (신림동) 러브펫종합동물병원,러브펫종합동물병원,02-837-8875,손원경,흰회색,411320201801578,http://www.animal.go.kr/files/shelter/2018/10/201811061311338_s.jpg,20181106,남강중학교,[고양이] 한국 고양이,N,20181116,서울-관악-2018-00776,20181106,02-879-6694,서울특별시 관악구,http://www.animal.go.kr/files/shelter/2018/10/201811061311338.jpg,보호중,M,"구청신고됨,탈진,결막염,설사,이유식급여",1(Kg)
247,2017(년생),서울특별시 관악구 남부순환로 1451 (신림동) 러브펫종합동물병원,러브펫종합동물병원,02-837-8875,손원경,치즈색,411320201801577,http://www.animal.go.kr/files/shelter/2018/10/201811060911900_s.jpg,20181106,미성초등학교내,[고양이] 한국 고양이,Y,20181116,서울-관악-2018-00775,20181106,02-879-6694,서울특별시 관악구,http://www.animal.go.kr/files/shelter/2018/10/201811060911900.jpg,보호중,M,"구청신고됨.집고양이추정,순하고사람잘따름",3(Kg)
248,2018(년생),서울특별시 양천구 목동  657번지 16호,강현림 동물병원,02-2642-9159,양천구청,흰색,411314201800664,http://www.animal.go.kr/files/shelter/2018/10/20181106171179_s.jpg,20181106,신월5동파출소 (다음11-7),[고양이] 터키시 앙고라,N,20181116,서울-양천-2018-00333,20181106,02-2620-4821,서울특별시 양천구,http://www.animal.go.kr/files/shelter/2018/10/20181106171179.jpg,보호중,M,이갈이하지않은고양이로경계심보이지않으나많이울고항문주위가짖물러있음,1.2(Kg)
249,2017(년생),서울특별시 양천구 목동  657번지 16호,강현림 동물병원,02-2642-9159,양천구청,검정,411314201800663,http://www.animal.go.kr/files/shelter/2018/10/201811061711151_s.jpg,20181106,신정동양천구청상황실 (다음11-6),[개] 시베리안 허스키,N,20181116,서울-양천-2018-00332,20181106,02-2620-4821,서울특별시 양천구,http://www.animal.go.kr/files/shelter/2018/10/201811061711151.jpg,보호중,M,치석없으며경계심없고온순한편이나짖는편임,8(Kg)
